datetime,bid_size,bid_exchange,bid,bid_condition,ask_size,ask_exchange,ask,ask_condition,open,high,low,close,volume,count,mid_price
2021-05-27 09:30:00,4.0,7.0,620.24,0.0,1.0,1.0,620.34,0.0,620.24,624.0,618.2,619.19,899321.0,18152.0,620.29
2021-05-27 09:35:00,2.0,1.0,618.87,0.0,1.0,7.0,619.19,0.0,618.9145,622.874,618.3,620.07,591344.0,12715.0,619.03
2021-05-27 09:40:00,4.0,65.0,620.0,0.0,1.0,7.0,620.21,0.0,620.21,620.75,617.35,617.79,543596.0,13481.0,620.105
2021-05-27 09:45:00,1.0,7.0,617.51,0.0,1.0,65.0,617.69,0.0,617.7,619.375,616.21,617.61,525172.0,12508.0,617.6
2021-05-27 09:50:00,1.0,68.0,617.47,0.0,2.0,43.0,617.86,0.0,617.75,623.39,617.36,622.57,740735.0,13885.0,617.665
2021-05-27 09:55:00,1.0,68.0,622.39,0.0,1.0,1.0,622.63,0.0,622.4129,627.7063,622.4129,626.0001,1054136.0,19698.0,622.51
2021-05-27 10:00:00,11.0,1.0,626.0,0.0,1.0,43.0,626.29,0.0,626.15,628.48,624.85,627.2,668006.0,15309.0,626.145
2021-05-27 10:05:00,1.0,64.0,627.12,0.0,1.0,1.0,627.28,0.0,626.95,628.08,624.8088,627.6065,627223.0,12980.0,627.2
2021-05-27 10:10:00,2.0,43.0,627.5,0.0,1.0,65.0,627.73,0.0,627.5,627.7199,624.3802,624.98,429950.0,9942.0,627.615
2021-05-27 10:15:00,1.0,65.0,624.84,0.0,1.0,7.0,625.19,0.0,624.8401,628.64,623.52,627.425,712004.0,14546.0,625.0150000000001
2021-05-27 10:20:00,1.0,68.0,627.35,0.0,2.0,65.0,627.5,0.0,627.47,628.75,626.0516,626.34,464975.0,10765.0,627.425
2021-05-27 10:25:00,1.0,1.0,626.25,0.0,1.0,1.0,626.54,0.0,626.5371,627.5,625.9,626.78,284830.0,6756.0,626.395
2021-05-27 10:30:00,1.0,68.0,626.68,0.0,1.0,7.0,626.79,0.0,626.78,628.28,626.32,627.0,407585.0,8973.0,626.7349999999999
2021-05-27 10:35:00,1.0,63.0,626.9,0.0,1.0,68.0,627.1,0.0,626.93,627.4168,625.5,626.2,262029.0,6889.0,627.0
2021-05-27 10:40:00,2.0,65.0,626.08,0.0,1.0,43.0,626.3,0.0,626.1676,626.3778,624.2,625.4,284639.0,7618.0,626.19
2021-05-27 10:45:00,1.0,8.0,625.26,0.0,1.0,7.0,625.44,0.0,625.36,625.56,623.68,624.56,281340.0,7063.0,625.35
2021-05-27 10:50:00,1.0,68.0,624.48,0.0,1.0,65.0,624.65,0.0,624.5342,624.6,620.5,621.13,555396.0,12682.0,624.565
2021-05-27 10:55:00,1.0,60.0,621.04,0.0,1.0,43.0,621.35,0.0,621.2,622.44,620.76,621.19,314818.0,7904.0,621.1949999999999
2021-05-27 11:00:00,1.0,8.0,621.05,0.0,1.0,65.0,621.2,0.0,621.2,622.85,621.1106,621.3,227669.0,6030.0,621.125
2021-05-27 11:05:00,1.0,68.0,621.27,0.0,2.0,7.0,621.39,0.0,621.19,623.6699,620.6,623.46,331256.0,8062.0,621.3299999999999
2021-05-27 11:10:00,1.0,68.0,623.43,0.0,1.0,68.0,623.57,0.0,623.5449,624.45,623.1,623.8503,259980.0,6060.0,623.5
2021-05-27 11:15:00,1.0,7.0,623.78,0.0,1.0,65.0,623.9,0.0,623.84,624.22,622.23,622.8399,158411.0,4611.0,623.8399999999999
2021-05-27 11:20:00,2.0,65.0,622.66,0.0,2.0,7.0,622.85,0.0,622.85,623.7685,622.055,622.3723,156397.0,4590.0,622.755
2021-05-27 11:25:00,1.0,68.0,622.3,0.0,1.0,7.0,622.39,0.0,622.39,622.7899,620.49,620.49,175106.0,5120.0,622.345
2021-05-27 11:30:00,1.0,7.0,620.4,0.0,1.0,43.0,620.56,0.0,620.4,620.603,618.42,618.79,397766.0,10155.0,620.48
2021-05-27 11:35:00,1.0,3.0,618.7,0.0,2.0,1.0,618.8,0.0,618.65,619.58,618.49,619.4532,205575.0,5727.0,618.75
2021-05-27 11:40:00,1.0,68.0,619.42,0.0,1.0,73.0,619.57,0.0,619.46,620.47,619.3,619.59,238957.0,5582.0,619.495
2021-05-27 11:45:00,1.0,68.0,619.61,0.0,1.0,1.0,619.72,0.0,619.72,620.85,619.28,620.14,185665.0,4960.0,619.665
2021-05-27 11:50:00,1.0,65.0,620.08,0.0,1.0,68.0,620.2,0.0,620.195,620.2,618.1,618.35,214189.0,5819.0,620.1400000000001
2021-05-27 11:55:00,6.0,1.0,618.35,0.0,1.0,60.0,618.43,0.0,618.35,620.12,618.2813,619.54,196716.0,5487.0,618.39
2021-05-27 12:00:00,1.0,1.0,619.47,0.0,1.0,65.0,619.71,0.0,619.67,620.62,619.39,619.84,210379.0,4881.0,619.59
2021-05-27 12:05:00,1.0,65.0,619.71,0.0,1.0,43.0,619.87,0.0,619.79,619.79,618.5,619.6951,151444.0,4034.0,619.79
2021-05-27 12:10:00,1.0,1.0,619.64,0.0,1.0,43.0,619.78,0.0,619.64,620.2,619.35,619.82,157464.0,3963.0,619.71
2021-05-27 12:15:00,1.0,1.0,619.74,0.0,1.0,65.0,619.87,0.0,619.74,619.88,618.4,618.71,147109.0,3923.0,619.8050000000001
2021-05-27 12:20:00,1.0,9.0,618.71,0.0,1.0,43.0,618.83,0.0,618.7,619.0,617.75,618.44,206383.0,6154.0,618.77
2021-05-27 12:25:00,1.0,73.0,618.42,0.0,1.0,68.0,618.55,0.0,618.485,619.78,618.38,619.342,175496.0,4451.0,618.4849999999999
2021-05-27 12:30:00,1.0,7.0,619.34,0.0,1.0,1.0,619.47,0.0,619.41,620.3,618.65,618.76,189063.0,4904.0,619.405
2021-05-27 12:35:00,2.0,60.0,618.68,0.0,1.0,68.0,618.79,0.0,618.74,620.03,618.25,620.03,147683.0,4603.0,618.7349999999999
2021-05-27 12:40:00,1.0,65.0,619.93,0.0,1.0,68.0,620.02,0.0,619.93,621.75,619.4106,621.68,303657.0,7109.0,619.9749999999999
2021-05-27 12:45:00,1.0,43.0,621.67,0.0,2.0,65.0,621.78,0.0,621.78,622.0,621.12,621.71,260840.0,6389.0,621.7249999999999
2021-05-27 12:50:00,1.0,60.0,621.63,0.0,5.0,1.0,621.76,0.0,621.76,621.76,620.7,621.115,147563.0,3597.0,621.6949999999999
2021-05-27 12:55:00,1.0,43.0,621.06,0.0,3.0,65.0,621.2,0.0,621.2,622.8,620.86,622.35,229980.0,5837.0,621.13
2021-05-27 13:00:00,1.0,65.0,622.32,0.0,1.0,60.0,622.45,0.0,622.3211,623.3,622.04,622.7872,205827.0,5351.0,622.385
2021-05-27 13:05:00,1.0,7.0,622.67,0.0,1.0,68.0,622.83,0.0,622.735,622.8087,621.5401,622.02,149957.0,4336.0,622.75
2021-05-27 13:10:00,1.0,60.0,621.96,0.0,1.0,68.0,622.11,0.0,622.21,622.4501,621.57,621.59,110565.0,3282.0,622.0350000000001
2021-05-27 13:15:00,7.0,65.0,621.5,0.0,1.0,60.0,621.6,0.0,621.54,621.63,620.6,621.0666,130356.0,3781.0,621.55
2021-05-27 13:20:00,1.0,1.0,621.05,0.0,2.0,1.0,621.2,0.0,621.19,621.4,620.2901,621.005,97836.0,3175.0,621.125
2021-05-27 13:25:00,1.0,7.0,620.91,0.0,1.0,1.0,620.98,0.0,620.9869,621.035,619.31,619.78,168957.0,4670.0,620.9449999999999
2021-05-27 13:30:00,1.0,60.0,619.68,0.0,2.0,7.0,619.8,0.0,619.8,620.75,619.4,620.69,121608.0,3541.0,619.74
2021-05-27 13:35:00,1.0,43.0,620.62,0.0,1.0,73.0,620.75,0.0,620.75,621.051,619.0,619.91,150989.0,4797.0,620.685
2021-05-27 13:40:00,1.0,43.0,619.91,0.0,3.0,65.0,620.0,0.0,620.0,620.2,619.15,619.47,113971.0,3739.0,619.9549999999999
2021-05-27 13:45:00,1.0,60.0,619.39,0.0,3.0,60.0,619.48,0.0,619.4322,620.16,619.0,620.0321,150782.0,4173.0,619.435
2021-05-27 13:50:00,1.0,68.0,620.02,0.0,1.0,64.0,620.11,0.0,620.065,620.52,619.2517,619.35,138734.0,3885.0,620.065
2021-05-27 13:55:00,1.0,1.0,619.25,0.0,1.0,1.0,619.35,0.0,619.25,619.95,619.1,619.87,115489.0,3677.0,619.3
2021-05-27 14:00:00,1.0,68.0,619.85,0.0,1.0,43.0,619.96,0.0,619.89,620.62,618.85,619.28,185012.0,5901.0,619.905
2021-05-27 14:05:00,25.0,1.0,619.25,0.0,1.0,1.0,619.37,0.0,619.32,619.38,617.83,617.94,212623.0,7090.0,619.31
2021-05-27 14:10:00,1.0,60.0,617.83,0.0,1.0,73.0,617.98,0.0,617.96,618.68,617.35,617.35,190267.0,5948.0,617.905
2021-05-27 14:15:00,1.0,1.0,617.28,0.0,1.0,68.0,617.4,0.0,617.25,618.31,617.19,617.8,154262.0,4962.0,617.3399999999999
2021-05-27 14:20:00,1.0,60.0,617.76,0.0,1.0,68.0,617.84,0.0,617.76,618.6975,617.25,618.1457,177403.0,4383.0,617.8
2021-05-27 14:25:00,24.0,65.0,618.08,0.0,1.0,65.0,618.2,0.0,618.08,619.43,617.42,619.29,194757.0,4995.0,618.1400000000001
2021-05-27 14:30:00,1.0,1.0,619.13,0.0,1.0,3.0,619.28,0.0,619.09,619.2175,618.4037,618.5101,155337.0,4513.0,619.2049999999999
2021-05-27 14:35:00,1.0,1.0,618.52,0.0,1.0,8.0,618.65,0.0,618.53,619.1994,618.4,618.841,101750.0,3154.0,618.585
2021-05-27 14:40:00,1.0,1.0,618.8,0.0,1.0,64.0,618.9,0.0,618.9,618.99,618.01,618.429,92073.0,3578.0,618.8499999999999
2021-05-27 14:45:00,1.0,68.0,618.33,0.0,1.0,65.0,618.43,0.0,618.43,619.7899,618.37,619.2338,192262.0,5256.0,618.38
2021-05-27 14:50:00,1.0,43.0,619.22,0.0,1.0,1.0,619.35,0.0,619.2784,620.46,619.2784,620.04,193585.0,5481.0,619.2850000000001
2021-05-27 14:55:00,1.0,1.0,620.0,0.0,1.0,68.0,620.08,0.0,620.0,620.48,619.1201,619.49,158794.0,4750.0,620.04
2021-05-27 15:00:00,3.0,65.0,619.33,0.0,1.0,43.0,619.46,0.0,619.33,619.49,618.38,619.1,162429.0,5391.0,619.395
2021-05-27 15:05:00,1.0,43.0,619.07,0.0,1.0,65.0,619.17,0.0,619.105,619.2154,618.4458,619.09,132035.0,4257.0,619.12
2021-05-27 15:10:00,2.0,43.0,619.06,0.0,2.0,43.0,619.19,0.0,619.02,620.3391,618.7845,619.64,181128.0,5070.0,619.125
2021-05-27 15:15:00,3.0,1.0,619.7,0.0,1.0,65.0,619.82,0.0,619.7001,620.525,619.41,619.41,163990.0,4605.0,619.76
2021-05-27 15:20:00,3.0,7.0,619.4,0.0,1.0,7.0,619.52,0.0,619.37,619.5,617.55,617.9,229119.0,7181.0,619.46
2021-05-27 15:25:00,1.0,65.0,617.79,0.0,2.0,60.0,617.87,0.0,617.79,619.04,617.79,618.9885,194838.0,4996.0,617.8299999999999
2021-05-27 15:30:00,2.0,7.0,618.9,0.0,1.0,68.0,618.99,0.0,619.07,619.8199,618.2,618.8972,163913.0,5458.0,618.9449999999999
2021-05-27 15:35:00,1.0,11.0,618.81,0.0,1.0,1.0,618.94,0.0,618.91,619.64,618.55,619.4711,176283.0,5834.0,618.875
2021-05-27 15:40:00,1.0,1.0,619.4,0.0,1.0,68.0,619.5,0.0,619.4,620.4,619.01,619.27,163291.0,5286.0,619.45
2021-05-27 15:45:00,1.0,73.0,619.21,0.0,2.0,1.0,619.32,0.0,619.3,620.1224,619.2,619.37,154419.0,5279.0,619.2650000000001
2021-05-27 15:50:00,1.0,7.0,619.2,0.0,1.0,1.0,619.38,0.0,619.38,628.39,619.38,628.2,1110845.0,23009.0,619.29
2021-05-27 15:55:00,39.0,63.0,628.1,0.0,1.0,7.0,628.25,0.0,628.25,631.13,626.12,631.035,1769508.0,33725.0,628.175
2021-05-28 09:30:00,1.0,1.0,628.23,0.0,1.0,7.0,628.8,0.0,628.5,632.67,628.22,631.7501,916808.0,17265.0,628.515
2021-05-28 09:35:00,1.0,7.0,631.75,0.0,5.0,1.0,632.03,0.0,632.0,633.87,630.28,631.635,655427.0,14152.0,631.89
2021-05-28 09:40:00,2.0,65.0,631.5,0.0,1.0,43.0,631.77,0.0,631.77,634.86,631.7228,633.5819,580895.0,13429.0,631.635
2021-05-28 09:45:00,1.0,60.0,633.5,0.0,2.0,1.0,633.66,0.0,633.7,633.73,628.7948,630.56,588742.0,13231.0,633.5799999999999
2021-05-28 09:50:00,5.0,1.0,630.5,0.0,1.0,60.0,630.67,0.0,630.5,631.15,627.52,628.0,559708.0,13145.0,630.585
2021-05-28 09:55:00,1.0,65.0,627.86,0.0,1.0,1.0,628.06,0.0,628.002,630.0,627.7,628.61,365667.0,10376.0,627.96
2021-05-28 10:00:00,10.0,1.0,628.5,0.0,1.0,68.0,628.7,0.0,628.6,630.9933,628.6,630.18,446881.0,10840.0,628.6
2021-05-28 10:05:00,1.0,43.0,630.14,0.0,1.0,1.0,630.35,0.0,630.15,630.6201,628.58,629.335,245571.0,7100.0,630.245
2021-05-28 10:10:00,1.0,68.0,629.3,0.0,1.0,43.0,629.49,0.0,629.35,631.7086,628.79,629.3951,499519.0,9200.0,629.395
2021-05-28 10:15:00,1.0,43.0,629.32,0.0,1.0,68.0,629.55,0.0,629.54,629.8778,626.79,627.3033,375194.0,9579.0,629.435
2021-05-28 10:20:00,1.0,43.0,627.29,0.0,1.0,68.0,627.47,0.0,627.385,627.58,625.51,625.5754,339641.0,8748.0,627.38
2021-05-28 10:25:00,3.0,9.0,625.56,0.0,2.0,43.0,625.69,0.0,625.51,625.7899,622.51,622.585,602617.0,13418.0,625.625
2021-05-28 10:30:00,2.0,7.0,622.51,0.0,1.0,3.0,622.69,0.0,622.585,625.46,622.38,625.36,599873.0,13655.0,622.6
2021-05-28 10:35:00,1.0,43.0,625.36,0.0,3.0,1.0,625.47,0.0,625.36,625.415,623.811,624.74,306626.0,7227.0,625.415
2021-05-28 10:40:00,2.0,60.0,624.67,0.0,1.0,68.0,624.78,0.0,624.78,625.38,624.2,624.2406,218174.0,5118.0,624.7249999999999
2021-05-28 10:45:00,1.0,1.0,624.24,0.0,1.0,64.0,624.35,0.0,624.2635,624.32,622.66,623.46,243196.0,6633.0,624.2950000000001
2021-05-28 10:50:00,1.0,65.0,623.34,0.0,1.0,1.0,623.53,0.0,623.47,625.13,622.55,624.56,291086.0,6961.0,623.435
2021-05-28 10:55:00,1.0,7.0,624.49,0.0,1.0,64.0,624.62,0.0,624.54,625.14,623.05,624.0,363206.0,6514.0,624.5550000000001
2021-05-28 11:00:00,1.0,9.0,623.9,0.0,1.0,68.0,624.06,0.0,624.1485,626.28,623.855,624.69,326183.0,7714.0,623.98
2021-05-28 11:05:00,1.0,64.0,624.67,0.0,2.0,43.0,624.83,0.0,624.8126,626.01,624.4,625.83,208328.0,5001.0,624.75
2021-05-28 11:10:00,3.0,60.0,625.81,0.0,1.0,68.0,625.91,0.0,625.81,626.44,625.29,625.67,212269.0,5077.0,625.8599999999999
2021-05-28 11:15:00,1.0,60.0,625.67,0.0,1.0,1.0,625.78,0.0,625.639,627.34,625.5,626.96,226596.0,6001.0,625.7249999999999
2021-05-28 11:20:00,2.0,1.0,626.96,0.0,1.0,68.0,627.03,0.0,626.96,627.64,626.18,627.4099,213439.0,5491.0,626.995
2021-05-28 11:25:00,1.0,64.0,627.31,0.0,1.0,43.0,627.45,0.0,627.4199,627.42,624.81,625.056,209028.0,5684.0,627.38
2021-05-28 11:30:00,1.0,68.0,625.05,0.0,1.0,65.0,625.14,0.0,625.1,625.58,624.36,624.76,147248.0,4387.0,625.095
2021-05-28 11:35:00,1.0,60.0,624.68,0.0,1.0,43.0,624.8,0.0,624.66,625.22,624.45,624.7599,218806.0,4786.0,624.74
2021-05-28 11:40:00,1.0,60.0,624.67,0.0,2.0,43.0,624.8,0.0,624.65,625.55,624.11,625.2807,153380.0,4734.0,624.7349999999999
2021-05-28 11:45:00,1.0,7.0,625.27,0.0,1.0,7.0,625.35,0.0,625.27,625.3175,623.71,623.85,148903.0,5257.0,625.31
2021-05-28 11:50:00,1.0,43.0,623.8,0.0,1.0,43.0,623.97,0.0,623.9336,625.02,623.8001,625.0,116644.0,3748.0,623.885
2021-05-28 11:55:00,1.0,64.0,624.92,0.0,3.0,1.0,625.05,0.0,624.9669,625.49,624.02,624.335,126603.0,4493.0,624.9849999999999
2021-05-28 12:00:00,4.0,60.0,624.29,0.0,1.0,65.0,624.36,0.0,624.29,627.07,624.29,626.11,259694.0,6194.0,624.325
2021-05-28 12:05:00,1.0,1.0,626.05,0.0,1.0,65.0,626.15,0.0,626.0511,627.11,625.7601,625.9,163836.0,4963.0,626.0999999999999
2021-05-28 12:10:00,1.0,7.0,625.84,0.0,2.0,43.0,625.96,0.0,625.8498,626.36,625.55,625.67,96535.0,2946.0,625.9000000000001
2021-05-28 12:15:00,1.0,1.0,625.61,0.0,2.0,43.0,625.73,0.0,625.69,626.69,625.61,626.33,117036.0,3341.0,625.6700000000001
2021-05-28 12:20:00,1.0,63.0,626.29,0.0,1.0,68.0,626.38,0.0,626.27,626.5,624.55,624.93,129101.0,3908.0,626.335
2021-05-28 12:25:00,1.0,1.0,624.83,0.0,2.0,65.0,624.93,0.0,624.87,625.93,624.735,625.43,136067.0,4271.0,624.88
2021-05-28 12:30:00,1.0,68.0,625.39,0.0,6.0,1.0,625.46,0.0,625.425,626.44,625.0,626.2793,125839.0,3128.0,625.425
2021-05-28 12:35:00,1.0,1.0,626.21,0.0,2.0,43.0,626.35,0.0,626.255,628.44,625.89,628.31,267885.0,6852.0,626.28
2021-05-28 12:40:00,1.0,68.0,628.25,0.0,1.0,7.0,628.32,0.0,628.2,629.6932,628.13,628.955,337154.0,7898.0,628.2850000000001
2021-05-28 12:45:00,2.0,65.0,628.91,0.0,1.0,1.0,629.0,0.0,628.99,630.44,628.94,630.3626,409318.0,9516.0,628.9549999999999
2021-05-28 12:50:00,1.0,43.0,630.35,0.0,2.0,60.0,630.46,0.0,630.415,630.55,629.3662,629.6201,227898.0,5283.0,630.405
2021-05-28 12:55:00,1.0,65.0,629.53,0.0,2.0,1.0,629.73,0.0,629.6447,630.22,629.44,629.6001,161542.0,4425.0,629.63
2021-05-28 13:00:00,1.0,60.0,629.67,0.0,1.0,7.0,629.8,0.0,629.86,632.2904,629.86,631.835,334383.0,7428.0,629.7349999999999
2021-05-28 13:05:00,1.0,63.0,631.79,0.0,1.0,60.0,631.94,0.0,631.86,633.0,631.47,632.385,249886.0,6234.0,631.865
2021-05-28 13:10:00,1.0,43.0,632.3,0.0,1.0,60.0,632.47,0.0,632.4504,632.5,630.5,630.6039,212287.0,5859.0,632.385
2021-05-28 13:15:00,2.0,43.0,630.55,0.0,1.0,7.0,630.67,0.0,630.71,631.559,629.8,631.06,225339.0,5517.0,630.6099999999999
2021-05-28 13:20:00,1.0,60.0,631.06,0.0,1.0,60.0,631.15,0.0,631.06,631.06,629.44,629.9197,159913.0,4038.0,631.105
2021-05-28 13:25:00,1.0,1.0,629.84,0.0,1.0,43.0,630.0,0.0,629.88,630.7099,629.07,629.545,159202.0,4033.0,629.9200000000001
2021-05-28 13:30:00,2.0,1.0,629.49,0.0,1.0,64.0,629.59,0.0,629.5028,631.395,629.45,630.57,215925.0,4531.0,629.54
2021-05-28 13:35:00,1.0,63.0,630.6,0.0,1.0,43.0,630.75,0.0,630.615,631.21,629.57,629.84,165398.0,3862.0,630.675
2021-05-28 13:40:00,1.0,68.0,629.77,0.0,1.0,65.0,629.91,0.0,629.825,630.1,629.28,629.4388,101112.0,2713.0,629.8399999999999
2021-05-28 13:45:00,1.0,63.0,629.37,0.0,2.0,1.0,629.45,0.0,629.45,629.4877,628.43,629.23,157085.0,4536.0,629.4100000000001
2021-05-28 13:50:00,1.0,68.0,629.16,0.0,2.0,65.0,629.23,0.0,629.1905,629.85,628.675,629.7,146998.0,3244.0,629.1949999999999
2021-05-28 13:55:00,1.0,43.0,629.67,0.0,3.0,65.0,629.8,0.0,629.65,630.1,629.1351,630.05,142756.0,3188.0,629.7349999999999
2021-05-28 14:00:00,1.0,1.0,629.93,0.0,2.0,43.0,630.09,0.0,630.035,631.689,630.001,631.3926,287571.0,6074.0,630.01
2021-05-28 14:05:00,2.0,65.0,631.3,0.0,1.0,68.0,631.38,0.0,631.3,631.5,630.03,631.3879,165080.0,4146.0,631.3399999999999
2021-05-28 14:10:00,1.0,65.0,631.3,0.0,1.0,1.0,631.39,0.0,631.39,631.5,629.611,630.19,118229.0,3680.0,631.345
2021-05-28 14:15:00,2.0,1.0,630.09,0.0,1.0,64.0,630.18,0.0,630.09,630.88,629.97,630.275,104108.0,2917.0,630.135
2021-05-28 14:20:00,1.0,68.0,630.22,0.0,1.0,73.0,630.33,0.0,630.16,631.3075,630.0,630.7573,136912.0,3166.0,630.2750000000001
2021-05-28 14:25:00,1.0,43.0,630.68,0.0,1.0,68.0,630.82,0.0,630.66,632.94,630.17,632.53,266016.0,5561.0,630.75
2021-05-28 14:30:00,1.0,68.0,632.46,0.0,1.0,1.0,632.53,0.0,632.48,633.5899,632.1,633.505,331168.0,7931.0,632.495
2021-05-28 14:35:00,1.0,1.0,633.45,0.0,1.0,65.0,633.59,0.0,633.5,633.53,632.12,632.62,165199.0,5161.0,633.52
2021-05-28 14:40:00,1.0,1.0,632.55,0.0,1.0,68.0,632.68,0.0,632.65,633.52,632.57,633.1948,187407.0,4716.0,632.615
2021-05-28 14:45:00,2.0,1.0,633.16,0.0,1.0,65.0,633.24,0.0,633.16,634.3699,633.04,634.22,227474.0,5422.0,633.2
2021-05-28 14:50:00,1.0,9.0,634.17,0.0,1.0,68.0,634.27,0.0,634.2269,635.55,634.1,635.515,463421.0,11728.0,634.22
2021-05-28 14:55:00,1.0,65.0,635.44,0.0,3.0,1.0,635.57,0.0,635.5699,635.59,634.24,635.26,270885.0,6898.0,635.5050000000001
2021-05-28 15:00:00,1.0,68.0,635.18,0.0,1.0,65.0,635.29,0.0,635.2399,635.55,633.27,633.49,235680.0,6408.0,635.2349999999999
2021-05-28 15:05:00,2.0,1.0,633.44,0.0,2.0,60.0,633.53,0.0,633.4,634.28,633.3,633.395,206309.0,4907.0,633.485
2021-05-28 15:10:00,1.0,1.0,633.29,0.0,1.0,68.0,633.39,0.0,633.29,633.32,631.14,631.7,309067.0,7398.0,633.3399999999999
2021-05-28 15:15:00,1.0,65.0,631.61,0.0,1.0,65.0,631.73,0.0,631.69,633.23,631.14,632.8812,247003.0,5581.0,631.6700000000001
2021-05-28 15:20:00,1.0,68.0,632.81,0.0,1.0,43.0,632.89,0.0,632.85,633.05,631.3301,631.8373,172219.0,4228.0,632.8499999999999
2021-05-28 15:25:00,1.0,1.0,631.71,0.0,1.0,1.0,631.84,0.0,631.7808,631.8112,630.72,630.93,164211.0,4440.0,631.7750000000001
2021-05-28 15:30:00,2.0,1.0,630.92,0.0,3.0,65.0,631.0,0.0,630.92,631.08,629.56,629.97,245240.0,6805.0,630.96
2021-05-28 15:35:00,1.0,68.0,629.88,0.0,1.0,1.0,629.99,0.0,629.97,630.53,629.39,629.6387,233407.0,5593.0,629.935
2021-05-28 15:40:00,1.0,1.0,629.51,0.0,1.0,68.0,629.64,0.0,629.45,629.8999,628.0,628.035,308633.0,6418.0,629.575
2021-05-28 15:45:00,5.0,1.0,628.0,0.0,1.0,1.0,628.07,0.0,628.07,628.99,627.99,628.4,253028.0,6341.0,628.0350000000001
2021-05-28 15:50:00,1.0,7.0,628.31,0.0,2.0,1.0,628.5,0.0,628.5,629.05,624.02,624.915,601316.0,13788.0,628.405
2021-05-28 15:55:00,1.0,7.0,624.82,0.0,2.0,65.0,625.0,0.0,624.82,626.41,624.6,625.71,701269.0,13880.0,624.9100000000001
2021-06-01 09:30:00,1.0,1.0,627.35,0.0,1.0,1.0,627.36,0.0,627.8,629.79,624.38,628.53,824048.0,20686.0,627.355
2021-06-01 09:35:00,2.0,65.0,628.3,0.0,1.0,68.0,628.76,0.0,628.56,632.66,628.495,631.6329,725685.0,13917.0,628.53
2021-06-01 09:40:00,1.0,1.0,631.52,0.0,2.0,7.0,631.67,0.0,631.64,633.8,631.1763,631.915,659662.0,14456.0,631.595
2021-06-01 09:45:00,1.0,65.0,631.83,0.0,1.0,65.0,632.0,0.0,631.8855,633.19,628.95,630.56,497556.0,11712.0,631.915
2021-06-01 09:50:00,2.0,1.0,630.43,0.0,1.0,8.0,630.69,0.0,630.46,632.5978,630.4,630.88,381231.0,8727.0,630.56
2021-06-01 09:55:00,1.0,43.0,630.77,0.0,1.0,7.0,630.99,0.0,630.98,631.57,629.09,630.8056,382722.0,8160.0,630.88
2021-06-01 10:00:00,21.0,3.0,630.71,0.0,1.0,1.0,630.87,0.0,630.8,632.29,628.64,628.6883,396610.0,8912.0,630.79
2021-06-01 10:05:00,7.0,1.0,628.6,0.0,2.0,1.0,628.75,0.0,628.6,629.49,627.7188,629.25,281381.0,6796.0,628.675
2021-06-01 10:10:00,2.0,43.0,629.19,0.0,2.0,43.0,629.48,0.0,629.1901,629.41,624.72,625.0,479824.0,10372.0,629.335
2021-06-01 10:15:00,1.0,43.0,624.92,0.0,1.0,7.0,625.15,0.0,624.92,626.86,623.53,626.52,481395.0,11356.0,625.035
2021-06-01 10:20:00,2.0,43.0,626.38,0.0,1.0,60.0,626.59,0.0,626.48,627.3,624.8201,627.1367,327715.0,7681.0,626.485
2021-06-01 10:25:00,1.0,43.0,627.08,0.0,2.0,1.0,627.28,0.0,627.29,627.6,625.87,626.6,267178.0,6195.0,627.1800000000001
2021-06-01 10:30:00,2.0,43.0,626.62,0.0,1.0,7.0,626.82,0.0,626.64,628.1,626.33,627.615,296490.0,7116.0,626.72
2021-06-01 10:35:00,4.0,65.0,627.5,0.0,1.0,1.0,627.71,0.0,627.64,628.01,625.38,625.7117,223782.0,6321.0,627.605
2021-06-01 10:40:00,1.0,7.0,625.61,0.0,2.0,43.0,625.78,0.0,625.76,627.3,625.53,626.0305,198451.0,4471.0,625.6949999999999
2021-06-01 10:45:00,19.0,65.0,626.01,0.0,1.0,1.0,626.27,0.0,626.01,626.42,623.921,624.5786,289226.0,7199.0,626.14
2021-06-01 10:50:00,1.0,1.0,624.47,0.0,1.0,43.0,624.67,0.0,624.66,625.09,623.1185,624.0194,325134.0,8054.0,624.5699999999999
2021-06-01 10:55:00,3.0,1.0,623.91,0.0,4.0,60.0,624.09,0.0,624.005,624.7786,623.05,624.5,282418.0,6112.0,624.0
2021-06-01 11:00:00,1.0,43.0,624.35,0.0,1.0,1.0,624.51,0.0,624.27,624.93,623.17,623.97,180672.0,4855.0,624.4300000000001
2021-06-01 11:05:00,1.0,1.0,623.97,0.0,1.0,1.0,624.04,0.0,624.04,624.66,622.24,624.02,303189.0,7878.0,624.005
2021-06-01 11:10:00,1.0,7.0,623.92,0.0,1.0,43.0,624.1,0.0,623.94,625.0963,623.555,624.01,201575.0,4912.0,624.01
2021-06-01 11:15:00,8.0,65.0,624.0,0.0,2.0,43.0,624.18,0.0,624.16,624.49,623.34,624.1,118284.0,3845.0,624.0899999999999
2021-06-01 11:20:00,1.0,1.0,624.0,0.0,1.0,1.0,624.2,0.0,624.09,625.8,623.48,625.4368,259009.0,6126.0,624.1
2021-06-01 11:25:00,1.0,1.0,625.39,0.0,1.0,68.0,625.5,0.0,625.4861,625.78,623.8801,624.4148,205980.0,4558.0,625.4449999999999
2021-06-01 11:30:00,1.0,3.0,624.4,0.0,2.0,1.0,624.6,0.0,624.3113,624.5787,623.75,624.45,115815.0,3443.0,624.5
2021-06-01 11:35:00,1.0,1.0,624.37,0.0,2.0,65.0,624.5,0.0,624.44,626.52,624.31,626.0,241643.0,5168.0,624.435
2021-06-01 11:40:00,1.0,68.0,625.81,0.0,1.0,68.0,625.96,0.0,625.94,626.5,625.1107,625.75,179130.0,4032.0,625.885
2021-06-01 11:45:00,1.0,68.0,625.69,0.0,1.0,1.0,625.83,0.0,625.77,626.07,624.66,625.1245,141931.0,3722.0,625.76
2021-06-01 11:50:00,2.0,65.0,625.07,0.0,1.0,68.0,625.24,0.0,625.05,626.055,624.68,625.72,319505.0,3490.0,625.155
2021-06-01 11:55:00,1.0,1.0,625.62,0.0,1.0,7.0,625.81,0.0,625.65,626.14,625.25,625.46,118475.0,2868.0,625.7149999999999
2021-06-01 12:00:00,1.0,43.0,625.39,0.0,1.0,7.0,625.55,0.0,625.6,625.7306,624.1,625.3761,147819.0,3348.0,625.47
2021-06-01 12:05:00,1.0,63.0,625.26,0.0,2.0,1.0,625.48,0.0,625.2,625.5,624.3025,625.15,148573.0,3775.0,625.37
2021-06-01 12:10:00,1.0,7.0,624.98,0.0,2.0,43.0,625.15,0.0,625.0985,625.5,624.3,625.3595,218413.0,3323.0,625.065
2021-06-01 12:15:00,1.0,1.0,625.3,0.0,1.0,1.0,625.43,0.0,625.3,626.88,625.0156,626.165,187050.0,4132.0,625.365
2021-06-01 12:20:00,1.0,7.0,626.11,0.0,1.0,68.0,626.23,0.0,626.2862,626.8499,625.81,626.365,186155.0,3545.0,626.1700000000001
2021-06-01 12:25:00,1.0,65.0,626.16,0.0,1.0,63.0,626.38,0.0,626.4,626.9,626.0,626.5901,176906.0,3978.0,626.27
2021-06-01 12:30:00,2.0,1.0,626.59,0.0,1.0,68.0,626.7,0.0,626.6495,627.38,626.3807,626.7,204853.0,4242.0,626.645
2021-06-01 12:35:00,1.0,68.0,626.75,0.0,1.0,43.0,626.88,0.0,626.8756,626.885,625.76,626.19,199363.0,3116.0,626.815
2021-06-01 12:40:00,1.0,63.0,626.3,0.0,1.0,1.0,626.45,0.0,626.355,627.6767,625.7,627.3976,175706.0,4569.0,626.375
2021-06-01 12:45:00,1.0,43.0,627.31,0.0,1.0,43.0,627.48,0.0,627.36,628.1699,627.13,627.345,209848.0,4922.0,627.395
2021-06-01 12:50:00,1.0,43.0,627.27,0.0,1.0,60.0,627.44,0.0,627.2347,627.66,626.402,627.195,141893.0,3762.0,627.355
2021-06-01 12:55:00,1.0,65.0,627.11,0.0,1.0,1.0,627.31,0.0,627.125,627.125,626.24,626.9058,70159.0,2660.0,627.21
2021-06-01 13:00:00,2.0,43.0,626.81,0.0,1.0,1.0,626.91,0.0,626.82,627.03,625.84,626.2,116149.0,3482.0,626.8599999999999
2021-06-01 13:05:00,2.0,65.0,625.92,0.0,1.0,1.0,626.17,0.0,625.92,626.33,625.4201,626.1082,156794.0,3337.0,626.045
2021-06-01 13:10:00,1.0,68.0,626.09,0.0,3.0,1.0,626.22,0.0,626.155,626.25,625.1,625.393,119920.0,2863.0,626.155
2021-06-01 13:15:00,1.0,63.0,625.31,0.0,1.0,43.0,625.46,0.0,625.41,625.53,624.8,625.07,108974.0,3814.0,625.385
2021-06-01 13:20:00,1.0,65.0,625.0,0.0,2.0,43.0,625.11,0.0,625.09,625.4799,624.12,625.2,146167.0,3733.0,625.0550000000001
2021-06-01 13:25:00,1.0,43.0,625.14,0.0,1.0,68.0,625.24,0.0,625.2399,626.39,624.77,626.07,160015.0,3877.0,625.19
2021-06-01 13:30:00,1.0,1.0,626.09,0.0,1.0,1.0,626.17,0.0,626.06,626.2,625.35,625.67,92578.0,3073.0,626.13
2021-06-01 13:35:00,1.0,68.0,625.64,0.0,1.0,60.0,625.73,0.0,625.65,626.06,624.89,625.89,133063.0,3720.0,625.685
2021-06-01 13:40:00,1.0,43.0,625.76,0.0,1.0,63.0,625.9,0.0,625.94,626.1499,625.2434,625.73,76250.0,2756.0,625.8299999999999
2021-06-01 13:45:00,2.0,43.0,625.65,0.0,4.0,65.0,625.83,0.0,625.82,626.65,625.59,625.6,146142.0,3945.0,625.74
2021-06-01 13:50:00,1.0,43.0,625.6,0.0,1.0,60.0,625.79,0.0,625.7324,626.08,624.95,625.4,74181.0,2596.0,625.6949999999999
2021-06-01 13:55:00,1.0,11.0,625.25,0.0,2.0,60.0,625.37,0.0,625.25,625.49,625.0,625.06,59646.0,2362.0,625.31
2021-06-01 14:00:00,1.0,1.0,625.06,0.0,1.0,68.0,625.13,0.0,625.05,625.4,624.398,625.035,117908.0,3683.0,625.095
2021-06-01 14:05:00,1.0,3.0,624.91,0.0,1.0,68.0,625.05,0.0,625.04,625.5,624.59,625.2861,102554.0,2887.0,624.98
2021-06-01 14:10:00,1.0,1.0,625.21,0.0,2.0,43.0,625.34,0.0,625.26,625.84,624.9,625.2776,106949.0,2498.0,625.2750000000001
2021-06-01 14:15:00,1.0,1.0,625.27,0.0,1.0,64.0,625.38,0.0,625.37,625.37,624.7,624.99,47377.0,1949.0,625.325
2021-06-01 14:20:00,1.0,43.0,624.93,0.0,2.0,1.0,625.04,0.0,624.92,625.75,624.88,625.62,101467.0,3079.0,624.9849999999999
2021-06-01 14:25:00,1.0,65.0,625.56,0.0,1.0,65.0,625.68,0.0,625.68,625.7,625.01,625.1,82922.0,2814.0,625.6199999999999
2021-06-01 14:30:00,11.0,65.0,625.0,0.0,1.0,1.0,625.07,0.0,625.01,626.16,624.89,625.01,130102.0,3560.0,625.0350000000001
2021-06-01 14:35:00,29.0,65.0,625.0,0.0,1.0,64.0,625.08,0.0,625.0,625.45,624.8,625.33,100580.0,3869.0,625.04
2021-06-01 14:40:00,2.0,65.0,625.33,0.0,1.0,65.0,625.42,0.0,625.33,626.1565,624.97,625.8321,116801.0,3941.0,625.375
2021-06-01 14:45:00,5.0,7.0,625.82,0.0,1.0,1.0,625.93,0.0,625.97,626.75,625.92,626.65,145218.0,4044.0,625.875
2021-06-01 14:50:00,1.0,4.0,626.57,0.0,1.0,68.0,626.62,0.0,626.59,626.8,625.2,625.39,112469.0,3250.0,626.595
2021-06-01 14:55:00,1.0,65.0,625.32,0.0,1.0,43.0,625.45,0.0,625.3701,625.55,624.7691,625.319,137369.0,4034.0,625.385
2021-06-01 15:00:00,1.0,43.0,625.25,0.0,2.0,60.0,625.34,0.0,625.295,625.6,624.81,625.05,113369.0,3439.0,625.2950000000001
2021-06-01 15:05:00,1.0,60.0,625.0,0.0,1.0,7.0,625.11,0.0,625.11,625.3386,624.47,624.83,129994.0,4086.0,625.0550000000001
2021-06-01 15:10:00,1.0,1.0,624.82,0.0,1.0,68.0,624.93,0.0,624.83,625.94,624.57,625.53,149293.0,4334.0,624.875
2021-06-01 15:15:00,1.0,60.0,625.53,0.0,1.0,68.0,625.63,0.0,625.5854,625.605,624.52,624.86,98397.0,3174.0,625.5799999999999
2021-06-01 15:20:00,2.0,60.0,624.88,0.0,1.0,64.0,624.96,0.0,624.88,625.2922,624.6109,624.7297,97962.0,3703.0,624.9200000000001
2021-06-01 15:25:00,1.0,65.0,624.65,0.0,1.0,1.0,624.74,0.0,624.65,624.7999,622.25,622.3,267603.0,8245.0,624.6949999999999
2021-06-01 15:30:00,3.0,7.0,622.25,0.0,1.0,43.0,622.35,0.0,622.31,622.87,622.11,622.4617,204119.0,6351.0,622.3
2021-06-01 15:35:00,9.0,65.0,622.5,0.0,1.0,1.0,622.62,0.0,622.5144,622.91,621.32,621.644,218438.0,7291.0,622.56
2021-06-01 15:40:00,1.0,43.0,621.54,0.0,1.0,43.0,621.68,0.0,621.585,621.6,620.55,621.3896,271152.0,7998.0,621.6099999999999
2021-06-01 15:45:00,2.0,1.0,621.24,0.0,1.0,43.0,621.37,0.0,621.38,623.51,621.1827,622.88,324744.0,7950.0,621.3050000000001
2021-06-01 15:50:00,1.0,3.0,622.79,0.0,2.0,1.0,623.07,0.0,622.79,623.66,621.61,623.535,354833.0,8415.0,622.9300000000001
2021-06-01 15:55:00,2.0,1.0,623.48,0.0,1.0,1.0,623.61,0.0,623.43,624.799,623.37,624.03,479159.0,10176.0,623.5450000000001
2021-06-02 09:30:00,34.0,7.0,619.98,0.0,1.0,1.0,620.59,0.0,620.13,623.36,620.1,621.1542,479997.0,10878.0,620.2850000000001
2021-06-02 09:35:00,1.0,60.0,621.04,0.0,1.0,65.0,621.39,0.0,620.96,621.9546,618.24,619.19,481740.0,12379.0,621.2149999999999
2021-06-02 09:40:00,1.0,7.0,618.92,0.0,2.0,1.0,619.19,0.0,619.18,621.09,619.18,619.6559,339981.0,9249.0,619.0550000000001
2021-06-02 09:45:00,10.0,65.0,619.5,0.0,1.0,65.0,619.78,0.0,619.78,620.47,617.6501,618.185,421455.0,11196.0,619.64
2021-06-02 09:50:00,1.0,1.0,618.16,0.0,1.0,60.0,618.31,0.0,618.235,618.4799,616.31,616.81,519895.0,13756.0,618.2349999999999
2021-06-02 09:55:00,1.0,65.0,616.74,0.0,1.0,68.0,616.94,0.0,616.78,616.81,614.0736,615.08,623483.0,17059.0,616.84
2021-06-02 10:00:00,2.0,65.0,615.06,0.0,1.0,68.0,615.14,0.0,615.06,615.1652,611.63,613.56,719237.0,18666.0,615.0999999999999
2021-06-02 10:05:00,1.0,68.0,613.45,0.0,2.0,1.0,613.58,0.0,613.58,615.66,613.41,614.49,460046.0,11299.0,613.5150000000001
2021-06-02 10:10:00,1.0,73.0,614.33,0.0,1.0,43.0,614.52,0.0,614.5199,615.0681,612.64,614.0816,350624.0,9254.0,614.425
2021-06-02 10:15:00,1.0,43.0,613.92,0.0,1.0,68.0,614.07,0.0,613.9317,615.9488,613.64,614.805,303594.0,8422.0,613.995
2021-06-02 10:20:00,1.0,1.0,614.8,0.0,1.0,65.0,615.0,0.0,614.8977,615.8,614.0,615.0316,237968.0,6484.0,614.9
2021-06-02 10:25:00,1.0,73.0,615.03,0.0,1.0,43.0,615.27,0.0,615.075,615.77,614.3,614.4655,208069.0,6095.0,615.15
2021-06-02 10:30:00,2.0,65.0,614.34,0.0,3.0,1.0,614.49,0.0,614.49,615.03,611.25,611.5477,375069.0,11456.0,614.415
2021-06-02 10:35:00,1.0,43.0,611.59,0.0,1.0,68.0,611.73,0.0,611.58,611.7082,610.3344,610.66,398550.0,11199.0,611.6600000000001
2021-06-02 10:40:00,3.0,7.0,610.51,0.0,1.0,1.0,610.7,0.0,610.6068,612.25,610.31,611.37,360280.0,9332.0,610.605
2021-06-02 10:45:00,1.0,65.0,611.3,0.0,1.0,1.0,611.43,0.0,611.37,611.9,610.02,610.16,231182.0,7588.0,611.365
2021-06-02 10:50:00,1.0,60.0,610.14,0.0,1.0,65.0,610.32,0.0,610.14,610.29,605.36,606.53,896159.0,24969.0,610.23
2021-06-02 10:55:00,1.0,43.0,606.37,0.0,2.0,7.0,606.63,0.0,606.516,606.82,604.33,604.87,408878.0,13188.0,606.5
2021-06-02 11:00:00,1.0,1.0,604.83,0.0,1.0,60.0,604.95,0.0,604.83,606.25,604.73,605.9,381343.0,11678.0,604.8900000000001
2021-06-02 11:05:00,2.0,1.0,605.88,0.0,1.0,1.0,605.98,0.0,605.9,606.3743,604.11,606.1066,404072.0,11672.0,605.9300000000001
2021-06-02 11:10:00,9.0,1.0,606.1,0.0,1.0,1.0,606.19,0.0,606.1,607.48,605.0992,606.76,420560.0,11097.0,606.145
2021-06-02 11:15:00,1.0,65.0,606.74,0.0,1.0,68.0,606.82,0.0,606.78,607.3,604.8,605.4,250563.0,8957.0,606.78
2021-06-02 11:20:00,1.0,63.0,605.36,0.0,1.0,65.0,605.49,0.0,605.53,606.85,604.7501,606.82,200684.0,7239.0,605.425
2021-06-02 11:25:00,1.0,64.0,606.7,0.0,1.0,1.0,606.82,0.0,606.8,607.35,606.21,607.275,269555.0,7469.0,606.76
2021-06-02 11:30:00,2.0,43.0,607.15,0.0,1.0,43.0,607.28,0.0,607.215,607.42,605.75,606.18,223180.0,6878.0,607.2149999999999
2021-06-02 11:35:00,1.0,7.0,606.13,0.0,1.0,7.0,606.24,0.0,606.2001,608.0,606.0,607.93,327136.0,9042.0,606.185
2021-06-02 11:40:00,1.0,1.0,607.91,0.0,4.0,1.0,608.0,0.0,608.0,608.5,607.54,607.8,259261.0,7454.0,607.9549999999999
2021-06-02 11:45:00,1.0,65.0,607.79,0.0,1.0,68.0,607.86,0.0,607.83,607.85,606.7301,607.07,180912.0,6448.0,607.825
2021-06-02 11:50:00,1.0,60.0,606.95,0.0,2.0,1.0,607.08,0.0,607.06,607.4013,606.59,606.8373,142991.0,5296.0,607.0150000000001
2021-06-02 11:55:00,1.0,43.0,606.76,0.0,2.0,1.0,606.85,0.0,606.7699,607.08,605.24,605.6062,262812.0,7907.0,606.8050000000001
2021-06-02 12:00:00,1.0,1.0,605.51,0.0,2.0,43.0,605.65,0.0,605.5816,606.0,604.98,605.0901,333473.0,9021.0,605.5799999999999
2021-06-02 12:05:00,2.0,60.0,605.11,0.0,1.0,43.0,605.27,0.0,605.125,606.25,605.0207,606.1,515743.0,6615.0,605.19
2021-06-02 12:10:00,2.0,65.0,606.01,0.0,1.0,65.0,606.1,0.0,606.0894,606.65,605.51,606.37,145727.0,5313.0,606.0550000000001
2021-06-02 12:15:00,1.0,7.0,606.37,0.0,1.0,3.0,606.47,0.0,606.37,606.52,605.22,605.265,140335.0,5491.0,606.4200000000001
2021-06-02 12:20:00,1.0,65.0,605.23,0.0,1.0,63.0,605.32,0.0,605.279,605.4,602.45,602.615,559057.0,15004.0,605.2750000000001
2021-06-02 12:25:00,1.0,1.0,602.59,0.0,1.0,1.0,602.67,0.0,602.7,603.18,600.12,601.858,537993.0,15386.0,602.63
2021-06-02 12:30:00,1.0,1.0,601.74,0.0,1.0,65.0,601.9,0.0,601.74,601.98,601.24,601.95,273115.0,9354.0,601.8199999999999
2021-06-02 12:35:00,1.0,68.0,601.84,0.0,1.0,64.0,601.95,0.0,601.96,603.0,600.672,602.72,334230.0,10205.0,601.895
2021-06-02 12:40:00,2.0,65.0,602.55,0.0,1.0,68.0,602.61,0.0,602.55,603.95,602.29,603.76,228836.0,7252.0,602.5799999999999
2021-06-02 12:45:00,1.0,43.0,603.74,0.0,1.0,1.0,603.84,0.0,603.63,604.0,602.6,603.02,170343.0,5942.0,603.79
2021-06-02 12:50:00,2.0,43.0,603.02,0.0,1.0,65.0,603.16,0.0,603.17,603.97,602.92,603.5052,138801.0,5019.0,603.0899999999999
2021-06-02 12:55:00,1.0,68.0,603.47,0.0,1.0,43.0,603.57,0.0,603.55,604.329,602.27,604.26,285554.0,7503.0,603.52
2021-06-02 13:00:00,1.0,1.0,604.22,0.0,1.0,65.0,604.28,0.0,604.23,604.97,603.52,603.57,192800.0,6503.0,604.25
2021-06-02 13:05:00,1.0,1.0,603.51,0.0,1.0,43.0,603.62,0.0,603.51,604.3665,602.98,603.84,126041.0,4790.0,603.565
2021-06-02 13:10:00,1.0,43.0,603.71,0.0,1.0,3.0,603.84,0.0,603.83,604.3055,602.6,602.8837,175500.0,6141.0,603.7750000000001
2021-06-02 13:15:00,2.0,43.0,602.84,0.0,1.0,7.0,602.92,0.0,602.94,603.0,601.61,601.85,160693.0,6414.0,602.88
2021-06-02 13:20:00,1.0,9.0,601.74,0.0,1.0,73.0,601.84,0.0,601.72,602.5199,599.14,599.82,476684.0,20507.0,601.79
2021-06-02 13:25:00,1.0,43.0,599.81,0.0,1.0,64.0,599.95,0.0,599.94,602.1,599.8,601.43,301294.0,9242.0,599.88
2021-06-02 13:30:00,1.0,43.0,601.43,0.0,1.0,4.0,601.58,0.0,601.63,602.48,601.105,602.1012,139696.0,5847.0,601.505
2021-06-02 13:35:00,1.0,60.0,602.11,0.0,2.0,1.0,602.22,0.0,602.1137,602.425,601.14,601.22,161028.0,5368.0,602.165
2021-06-02 13:40:00,1.0,3.0,601.11,0.0,1.0,7.0,601.28,0.0,601.23,601.78,600.76,601.78,155538.0,5502.0,601.1949999999999
2021-06-02 13:45:00,2.0,65.0,601.65,0.0,1.0,1.0,601.77,0.0,601.79,602.17,600.27,600.8161,161385.0,6191.0,601.71
2021-06-02 13:50:00,1.0,43.0,600.7,0.0,2.0,43.0,600.87,0.0,600.795,601.51,600.37,600.53,146928.0,5670.0,600.7850000000001
2021-06-02 13:55:00,1.0,3.0,600.41,0.0,1.0,17.0,600.61,0.0,600.52,600.8149,599.97,600.08,249337.0,8858.0,600.51
2021-06-02 14:00:00,2.0,1.0,600.0,0.0,1.0,43.0,600.16,0.0,600.16,602.0986,599.97,601.16,206117.0,6372.0,600.0799999999999
2021-06-02 14:05:00,1.0,43.0,601.13,0.0,1.0,60.0,601.28,0.0,601.2,601.915,600.55,601.16,229190.0,4864.0,601.2049999999999
2021-06-02 14:10:00,1.0,43.0,601.06,0.0,1.0,73.0,601.24,0.0,601.325,601.44,599.41,600.1255,219346.0,7544.0,601.15
2021-06-02 14:15:00,2.0,43.0,600.04,0.0,1.0,1.0,600.22,0.0,600.0517,601.6034,599.61,601.285,211315.0,6313.0,600.13
2021-06-02 14:20:00,2.0,7.0,601.23,0.0,1.0,64.0,601.33,0.0,601.23,603.3,601.17,603.24,234449.0,6399.0,601.28
2021-06-02 14:25:00,1.0,7.0,603.09,0.0,1.0,1.0,603.26,0.0,603.26,603.89,602.0334,603.7,255929.0,6913.0,603.175
2021-06-02 14:30:00,2.0,65.0,603.67,0.0,1.0,1.0,603.78,0.0,603.63,605.34,603.63,604.515,276359.0,7611.0,603.7249999999999
2021-06-02 14:35:00,1.0,7.0,604.39,0.0,1.0,68.0,604.49,0.0,604.435,604.8899,603.5,603.8,153657.0,4933.0,604.44
2021-06-02 14:40:00,1.0,7.0,603.72,0.0,1.0,65.0,603.89,0.0,603.88,604.33,603.5107,604.2608,105770.0,3759.0,603.8050000000001
2021-06-02 14:45:00,1.0,43.0,604.19,0.0,1.0,65.0,604.32,0.0,604.32,604.7081,603.0601,603.7,158779.0,4232.0,604.2550000000001
2021-06-02 14:50:00,1.0,64.0,603.64,0.0,1.0,7.0,603.81,0.0,603.72,604.75,602.8,604.73,122805.0,4011.0,603.7249999999999
2021-06-02 14:55:00,1.0,1.0,604.62,0.0,3.0,1.0,604.75,0.0,604.685,605.66,604.55,605.385,196329.0,5095.0,604.685
2021-06-02 15:00:00,1.0,1.0,605.32,0.0,2.0,1.0,605.4,0.0,605.31,605.98,604.0601,604.91,194725.0,6471.0,605.36
2021-06-02 15:05:00,1.0,1.0,604.87,0.0,1.0,3.0,604.97,0.0,604.8752,606.4,604.8752,605.76,219249.0,5730.0,604.9200000000001
2021-06-02 15:10:00,1.0,7.0,605.68,0.0,1.0,7.0,605.76,0.0,605.71,606.5,605.33,605.58,181335.0,5672.0,605.72
2021-06-02 15:15:00,1.0,1.0,605.53,0.0,1.0,43.0,605.71,0.0,605.52,605.6303,604.89,605.13,123693.0,4464.0,605.62
2021-06-02 15:20:00,1.0,43.0,605.06,0.0,1.0,68.0,605.2,0.0,605.07,605.125,602.65,602.86,189471.0,7824.0,605.13
2021-06-02 15:25:00,1.0,68.0,602.76,0.0,1.0,3.0,602.86,0.0,602.8373,603.66,602.8373,603.321,144538.0,4448.0,602.81
2021-06-02 15:30:00,3.0,1.0,603.31,0.0,2.0,1.0,603.4,0.0,603.4,604.75,603.26,604.4,155208.0,5131.0,603.355
2021-06-02 15:35:00,1.0,68.0,604.35,0.0,1.0,68.0,604.45,0.0,604.325,604.4443,603.0,603.4,176993.0,6072.0,604.4000000000001
2021-06-02 15:40:00,1.0,7.0,603.39,0.0,1.0,7.0,603.48,0.0,603.48,604.2,603.43,603.97,166866.0,5071.0,603.435
2021-06-02 15:45:00,1.0,64.0,603.94,0.0,1.0,65.0,604.06,0.0,604.05,605.6,603.4,605.1001,232296.0,6908.0,604.0
2021-06-02 15:50:00,1.0,7.0,605.07,0.0,3.0,65.0,605.3,0.0,605.07,606.0,604.1701,605.53,386466.0,9999.0,605.185
2021-06-02 15:55:00,2.0,60.0,605.51,0.0,1.0,1.0,605.55,0.0,605.51,606.0,604.41,605.0768,538981.0,13378.0,605.53
2021-06-03 09:30:00,4.0,7.0,601.0,0.0,1.0,1.0,601.8,0.0,601.8,604.0,598.77,600.46,934058.0,19955.0,601.4
2021-06-03 09:35:00,1.0,7.0,600.4,0.0,1.0,68.0,600.67,0.0,600.4,600.94,594.01,594.87,670404.0,20377.0,600.535
2021-06-03 09:40:00,1.0,65.0,594.65,0.0,1.0,7.0,594.88,0.0,594.7616,595.65,592.5,593.0,592824.0,14923.0,594.765
2021-06-03 09:45:00,2.0,60.0,592.88,0.0,1.0,1.0,593.16,0.0,593.15,595.5965,592.11,592.55,598028.0,15146.0,593.02
2021-06-03 09:50:00,1.0,1.0,592.5,0.0,2.0,1.0,592.71,0.0,592.5,598.4799,592.475,598.4799,553224.0,14123.0,592.605
2021-06-03 09:55:00,1.0,68.0,598.3,0.0,1.0,1.0,598.48,0.0,598.39,600.8,597.66,599.81,551384.0,13357.0,598.39
2021-06-03 10:00:00,1.0,1.0,599.81,0.0,1.0,7.0,599.99,0.0,599.82,600.9,598.06,600.404,507104.0,12041.0,599.9
2021-06-03 10:05:00,1.0,1.0,600.3,0.0,1.0,1.0,600.49,0.0,600.26,600.8,597.6,600.51,417461.0,9962.0,600.395
2021-06-03 10:10:00,1.0,60.0,600.41,0.0,3.0,1.0,600.62,0.0,600.42,602.83,598.0,598.58,508551.0,11320.0,600.515
2021-06-03 10:15:00,1.0,60.0,598.51,0.0,2.0,1.0,598.73,0.0,598.5327,598.78,594.83,596.32,449634.0,12974.0,598.62
2021-06-03 10:20:00,1.0,68.0,596.26,0.0,1.0,60.0,596.5,0.0,596.15,598.42,595.32,596.68,261478.0,7132.0,596.38
2021-06-03 10:25:00,1.0,68.0,596.66,0.0,1.0,43.0,596.84,0.0,596.658,598.08,595.99,596.61,218122.0,6542.0,596.75
2021-06-03 10:30:00,1.0,7.0,596.54,0.0,2.0,43.0,596.8,0.0,596.5,603.4257,595.38,598.2241,268418.0,7625.0,596.67
2021-06-03 10:35:00,1.0,43.0,598.09,0.0,1.0,68.0,598.29,0.0,598.06,599.06,595.92,596.041,214144.0,7170.0,598.19
2021-06-03 10:40:00,1.0,1.0,595.95,0.0,1.0,65.0,596.12,0.0,596.13,597.0,594.5,596.52,300081.0,9012.0,596.0350000000001
2021-06-03 10:45:00,1.0,1.0,596.43,0.0,1.0,68.0,596.58,0.0,596.515,599.72,595.6,598.91,310176.0,8382.0,596.505
2021-06-03 10:50:00,1.0,1.0,598.67,0.0,1.0,1.0,598.91,0.0,598.91,601.7366,598.304,600.5,458476.0,10362.0,598.79
2021-06-03 10:55:00,1.0,68.0,600.38,0.0,1.0,1.0,600.57,0.0,600.57,604.55,600.24,604.55,514766.0,10738.0,600.475
2021-06-03 11:00:00,1.0,7.0,604.49,0.0,1.0,60.0,604.57,0.0,604.5362,604.54,602.11,602.271,303917.0,7233.0,604.53
2021-06-03 11:05:00,1.0,73.0,602.31,0.0,2.0,1.0,602.52,0.0,602.25,603.3,601.0901,601.805,207806.0,6083.0,602.415
2021-06-03 11:10:00,1.0,68.0,601.73,0.0,1.0,60.0,601.87,0.0,601.7889,601.87,600.1501,600.82,182563.0,4976.0,601.8
2021-06-03 11:15:00,1.0,7.0,600.8,0.0,3.0,1.0,600.97,0.0,600.83,601.04,599.0501,599.42,208614.0,6185.0,600.885
2021-06-03 11:20:00,1.0,43.0,599.38,0.0,1.0,7.0,599.5,0.0,599.51,600.63,598.85,600.403,193332.0,5652.0,599.44
2021-06-03 11:25:00,1.0,1.0,600.4,0.0,1.0,60.0,600.56,0.0,600.48,601.153,598.37,600.78,276928.0,6510.0,600.48
2021-06-03 11:30:00,1.0,68.0,600.67,0.0,1.0,43.0,600.84,0.0,600.785,602.0,598.75,598.94,242349.0,5617.0,600.755
2021-06-03 11:35:00,2.0,65.0,598.83,0.0,2.0,43.0,599.03,0.0,598.83,600.57,598.83,600.2,188790.0,4028.0,598.9300000000001
2021-06-03 11:40:00,1.0,7.0,600.15,0.0,1.0,7.0,600.27,0.0,600.27,601.35,599.28,601.1999,140713.0,3746.0,600.21
2021-06-03 11:45:00,1.0,43.0,601.06,0.0,1.0,68.0,601.2,0.0,601.08,601.2496,599.01,599.7,140485.0,3470.0,601.13
2021-06-03 11:50:00,1.0,68.0,599.51,0.0,1.0,1.0,599.74,0.0,599.45,599.54,598.02,598.19,162789.0,4045.0,599.625
2021-06-03 11:55:00,1.0,1.0,598.14,0.0,2.0,68.0,598.26,0.0,598.26,598.71,597.5,598.6739,131472.0,4215.0,598.2
2021-06-03 12:00:00,1.0,63.0,598.55,0.0,1.0,68.0,598.74,0.0,598.6896,600.3866,598.5,599.57,146842.0,4323.0,598.645
2021-06-03 12:05:00,1.0,1.0,599.5,0.0,1.0,68.0,599.6,0.0,599.5,600.3304,598.73,599.95,139188.0,3710.0,599.55
2021-06-03 12:10:00,1.0,7.0,599.85,0.0,2.0,1.0,600.04,0.0,599.92,600.23,598.26,598.74,129573.0,3766.0,599.9449999999999
2021-06-03 12:15:00,1.0,65.0,598.64,0.0,1.0,43.0,598.86,0.0,598.7444,600.39,598.33,599.8129,147428.0,3807.0,598.75
2021-06-03 12:20:00,1.0,7.0,599.86,0.0,1.0,7.0,600.0,0.0,599.98,600.15,599.36,599.595,100081.0,2758.0,599.9300000000001
2021-06-03 12:25:00,8.0,60.0,599.49,0.0,1.0,1.0,599.66,0.0,599.49,600.7899,598.92,600.445,167075.0,4002.0,599.575
2021-06-03 12:30:00,1.0,7.0,600.37,0.0,2.0,7.0,600.51,0.0,600.4137,600.84,599.735,600.22,107367.0,3395.0,600.44
2021-06-03 12:35:00,1.0,73.0,600.21,0.0,1.0,43.0,600.39,0.0,600.36,601.09,600.0,600.79,150139.0,3553.0,600.3
2021-06-03 12:40:00,1.0,68.0,600.71,0.0,2.0,43.0,600.91,0.0,600.79,601.79,600.79,601.65,100561.0,3033.0,600.81
2021-06-03 12:45:00,1.0,1.0,601.55,0.0,1.0,1.0,601.7,0.0,601.55,602.17,600.76,601.5,123303.0,3571.0,601.625
2021-06-03 12:50:00,2.0,7.0,601.4,0.0,1.0,60.0,601.61,0.0,601.535,601.7,600.5101,601.21,65132.0,2192.0,601.505
2021-06-03 12:55:00,1.0,68.0,601.16,0.0,2.0,7.0,601.3,0.0,601.16,603.2381,601.01,603.2001,128041.0,3623.0,601.23
2021-06-03 13:00:00,1.0,68.0,603.04,0.0,1.0,43.0,603.22,0.0,603.2,603.2,602.42,602.75,102763.0,3301.0,603.13
2021-06-03 13:05:00,1.0,7.0,602.73,0.0,1.0,9.0,602.89,0.0,602.64,602.85,601.0,602.39,126672.0,3732.0,602.81
2021-06-03 13:10:00,1.0,60.0,602.42,0.0,3.0,1.0,602.61,0.0,602.5,603.37,601.1801,601.26,126939.0,3767.0,602.515
2021-06-03 13:15:00,2.0,60.0,601.22,0.0,1.0,43.0,601.39,0.0,601.345,602.735,601.22,602.5,72691.0,2544.0,601.3050000000001
2021-06-03 13:20:00,2.0,43.0,602.45,0.0,2.0,1.0,602.63,0.0,602.61,602.97,601.84,602.2,83056.0,2407.0,602.54
2021-06-03 13:25:00,1.0,65.0,602.18,0.0,2.0,1.0,602.32,0.0,602.18,602.572,601.5004,601.94,91106.0,2668.0,602.25
2021-06-03 13:30:00,2.0,65.0,601.85,0.0,1.0,60.0,602.13,0.0,601.72,602.5,601.45,601.52,72315.0,2686.0,601.99
2021-06-03 13:35:00,1.0,1.0,601.44,0.0,1.0,68.0,601.6,0.0,601.51,601.52,599.81,599.93,135683.0,4376.0,601.52
2021-06-03 13:40:00,1.0,73.0,599.82,0.0,1.0,43.0,599.99,0.0,600.0,600.7,591.44,593.63,692632.0,19959.0,599.905
2021-06-03 13:45:00,1.0,43.0,593.67,0.0,1.0,1.0,593.86,0.0,593.73,593.73,580.83,582.89,1704626.0,52542.0,593.765
2021-06-03 13:50:00,1.0,1.0,582.61,0.0,1.0,68.0,582.92,0.0,582.8175,586.85,582.58,583.71,915356.0,26404.0,582.765
2021-06-03 13:55:00,1.0,9.0,583.62,0.0,1.0,7.0,583.81,0.0,583.62,584.87,580.0,581.79,935260.0,27437.0,583.7149999999999
2021-06-03 14:00:00,1.0,43.0,581.51,0.0,1.0,68.0,581.79,0.0,581.76,583.0,578.33,582.77,923885.0,26370.0,581.65
2021-06-03 14:05:00,1.0,8.0,582.64,0.0,1.0,60.0,582.88,0.0,582.76,584.01,581.33,583.1411,542904.0,16450.0,582.76
2021-06-03 14:10:00,1.0,43.0,583.04,0.0,1.0,63.0,583.34,0.0,583.0401,583.6599,581.39,582.4,332096.0,10924.0,583.19
2021-06-03 14:15:00,2.0,1.0,582.28,0.0,1.0,7.0,582.42,0.0,582.29,582.29,578.5,579.738,557717.0,17574.0,582.3499999999999
2021-06-03 14:20:00,1.0,7.0,579.66,0.0,1.0,1.0,579.9,0.0,579.64,580.73,578.9,579.93,368698.0,11319.0,579.78
2021-06-03 14:25:00,1.0,1.0,579.81,0.0,1.0,1.0,580.03,0.0,579.8835,580.9458,576.33,576.49,493588.0,17108.0,579.92
2021-06-03 14:30:00,1.0,43.0,576.49,0.0,1.0,43.0,576.71,0.0,576.71,578.8499,575.218,575.98,514297.0,16327.0,576.6
2021-06-03 14:35:00,1.0,1.0,575.87,0.0,1.0,1.0,576.07,0.0,575.95,577.0,575.25,576.4294,380244.0,12446.0,575.97
2021-06-03 14:40:00,1.0,43.0,576.33,0.0,1.0,60.0,576.5,0.0,576.415,578.5,576.1501,577.88,373944.0,12310.0,576.415
2021-06-03 14:45:00,1.0,60.0,577.84,0.0,1.0,43.0,578.0,0.0,577.98,579.48,577.5,579.4,302786.0,10349.0,577.9200000000001
2021-06-03 14:50:00,2.0,1.0,579.24,0.0,1.0,65.0,579.42,0.0,579.345,581.0,578.49,579.72,395163.0,11084.0,579.3299999999999
2021-06-03 14:55:00,1.0,1.0,579.66,0.0,2.0,43.0,579.78,0.0,579.7391,579.7391,575.58,576.15,429143.0,12735.0,579.72
2021-06-03 15:00:00,1.0,68.0,576.05,0.0,1.0,43.0,576.18,0.0,576.18,579.2499,576.18,578.03,312668.0,8934.0,576.115
2021-06-03 15:05:00,1.0,60.0,577.79,0.0,1.0,43.0,578.04,0.0,577.84,580.78,577.71,580.6,341700.0,9087.0,577.915
2021-06-03 15:10:00,1.0,65.0,580.6,0.0,1.0,68.0,580.72,0.0,580.59,580.595,578.96,579.02,274397.0,7928.0,580.6600000000001
2021-06-03 15:15:00,1.0,7.0,579.02,0.0,2.0,65.0,579.17,0.0,579.09,579.13,576.89,576.91,317351.0,9126.0,579.095
2021-06-03 15:20:00,1.0,1.0,576.89,0.0,2.0,43.0,577.0,0.0,576.86,577.82,576.55,577.27,287482.0,8242.0,576.9449999999999
2021-06-03 15:25:00,1.0,60.0,577.27,0.0,1.0,1.0,577.36,0.0,577.315,577.32,575.5,576.8501,324057.0,10869.0,577.315
2021-06-03 15:30:00,2.0,43.0,576.85,0.0,3.0,1.0,576.97,0.0,576.8897,577.11,573.62,573.63,520489.0,21914.0,576.9100000000001
2021-06-03 15:35:00,1.0,1.0,573.62,0.0,1.0,1.0,573.74,0.0,573.605,573.87,572.3,573.43,581817.0,20605.0,573.6800000000001
2021-06-03 15:40:00,1.0,7.0,573.43,0.0,35.0,65.0,573.5,0.0,573.465,574.2,571.63,572.04,485492.0,17510.0,573.4649999999999
2021-06-03 15:45:00,1.0,60.0,572.0,0.0,1.0,1.0,572.1,0.0,572.05,573.0,571.22,572.38,493116.0,15525.0,572.05
2021-06-03 15:50:00,1.0,7.0,572.34,0.0,3.0,7.0,572.43,0.0,572.23,574.63,572.23,574.1,672760.0,17610.0,572.385
2021-06-03 15:55:00,1.0,1.0,574.02,0.0,2.0,68.0,574.15,0.0,574.15,574.23,572.1,572.83,887607.0,24457.0,574.085
2021-06-04 09:30:00,1.0,1.0,579.6,0.0,1.0,1.0,580.13,0.0,579.71,585.24,577.2,584.43,1125784.0,24803.0,579.865
2021-06-04 09:35:00,1.0,43.0,584.26,0.0,1.0,1.0,584.45,0.0,584.295,585.76,581.75,585.5619,784566.0,16811.0,584.355
2021-06-04 09:40:00,2.0,1.0,585.35,0.0,1.0,65.0,585.76,0.0,585.52,586.99,584.26,586.85,767515.0,17459.0,585.5550000000001
2021-06-04 09:45:00,1.0,7.0,586.71,0.0,2.0,60.0,586.99,0.0,586.77,588.0,585.66,586.5,628590.0,14576.0,586.85
2021-06-04 09:50:00,1.0,7.0,586.47,0.0,15.0,1.0,586.66,0.0,586.51,588.66,585.65,587.6,593922.0,13176.0,586.565
2021-06-04 09:55:00,1.0,68.0,587.43,0.0,1.0,7.0,587.7,0.0,587.56,592.06,587.1101,591.82,739187.0,15573.0,587.565
2021-06-04 10:00:00,1.0,68.0,591.8,0.0,1.0,7.0,591.84,0.0,591.84,596.0,590.87,594.505,960800.0,18870.0,591.8199999999999
2021-06-04 10:05:00,1.0,9.0,594.42,0.0,2.0,1.0,594.59,0.0,594.59,598.63,594.4548,597.11,942172.0,19259.0,594.505
2021-06-04 10:10:00,1.0,1.0,597.0,0.0,1.0,1.0,597.1,0.0,597.0744,597.3899,594.74,595.22,651743.0,14791.0,597.05
2021-06-04 10:15:00,2.0,43.0,595.08,0.0,2.0,60.0,595.37,0.0,595.19,598.11,595.12,595.12,544163.0,12068.0,595.225
2021-06-04 10:20:00,1.0,65.0,595.08,0.0,1.0,1.0,595.18,0.0,595.09,597.0,594.25,596.72,450311.0,10780.0,595.13
2021-06-04 10:25:00,1.0,43.0,596.61,0.0,2.0,65.0,596.94,0.0,596.94,597.34,594.57,595.13,330170.0,7812.0,596.7750000000001
2021-06-04 10:30:00,1.0,60.0,595.06,0.0,1.0,1.0,595.27,0.0,595.35,596.3248,593.67,594.1,369318.0,8764.0,595.165
2021-06-04 10:35:00,2.0,1.0,593.93,0.0,2.0,65.0,594.2,0.0,594.085,595.68,593.3801,595.02,313432.0,7182.0,594.065
2021-06-04 10:40:00,1.0,1.0,594.9,0.0,1.0,1.0,595.12,0.0,594.916,596.13,593.98,594.48,384579.0,8353.0,595.01
2021-06-04 10:45:00,2.0,43.0,594.36,0.0,2.0,43.0,594.6,0.0,594.5,595.17,593.11,594.8101,346969.0,6864.0,594.48
2021-06-04 10:50:00,1.0,60.0,594.77,0.0,1.0,7.0,594.9,0.0,594.77,595.59,593.3305,593.51,249996.0,6368.0,594.835
2021-06-04 10:55:00,1.0,65.0,593.53,0.0,2.0,7.0,593.64,0.0,593.64,594.45,592.21,593.24,293724.0,7177.0,593.585
2021-06-04 11:00:00,1.0,1.0,593.19,0.0,3.0,1.0,593.3,0.0,593.2,593.4687,592.36,592.69,219793.0,5188.0,593.245
2021-06-04 11:05:00,1.0,68.0,592.68,0.0,1.0,7.0,592.79,0.0,592.7767,593.18,591.64,592.45,212240.0,5730.0,592.7349999999999
2021-06-04 11:10:00,1.0,43.0,592.35,0.0,1.0,43.0,592.54,0.0,592.53,593.3999,591.73,591.825,232016.0,5358.0,592.4449999999999
2021-06-04 11:15:00,1.0,7.0,591.7,0.0,2.0,43.0,591.89,0.0,591.88,592.69,591.07,592.55,226109.0,5334.0,591.7950000000001
2021-06-04 11:20:00,1.0,43.0,592.37,0.0,1.0,43.0,592.55,0.0,592.55,594.46,592.3552,594.01,252411.0,6350.0,592.46
2021-06-04 11:25:00,1.0,60.0,594.08,0.0,1.0,7.0,594.16,0.0,594.08,595.45,593.8101,595.1287,379261.0,8894.0,594.12
2021-06-04 11:30:00,1.0,7.0,595.0,0.0,3.0,60.0,595.13,0.0,595.13,595.31,593.67,594.28,199700.0,5084.0,595.065
2021-06-04 11:35:00,2.0,43.0,594.3,0.0,8.0,60.0,594.45,0.0,594.31,595.45,593.6,595.2417,232369.0,5620.0,594.375
2021-06-04 11:40:00,1.0,65.0,595.12,0.0,2.0,43.0,595.3,0.0,595.3082,595.75,594.5,595.4733,173792.0,4917.0,595.21
2021-06-04 11:45:00,2.0,1.0,595.35,0.0,1.0,7.0,595.5,0.0,595.415,595.64,593.1,593.922,195537.0,5608.0,595.425
2021-06-04 11:50:00,2.0,1.0,593.82,0.0,3.0,65.0,594.02,0.0,593.99,594.82,592.82,593.2805,188218.0,4526.0,593.9200000000001
2021-06-04 11:55:00,1.0,1.0,593.17,0.0,1.0,68.0,593.28,0.0,593.32,593.75,592.95,593.3394,92807.0,2999.0,593.2249999999999
2021-06-04 12:00:00,1.0,43.0,593.11,0.0,1.0,43.0,593.34,0.0,593.36,593.4199,592.16,592.2401,115275.0,3732.0,593.225
2021-06-04 12:05:00,1.0,7.0,592.25,0.0,1.0,1.0,592.37,0.0,592.24,592.9099,591.83,592.89,114213.0,3387.0,592.31
2021-06-04 12:10:00,2.0,65.0,592.8,0.0,1.0,73.0,592.91,0.0,592.9,594.01,592.86,593.305,134058.0,4169.0,592.855
2021-06-04 12:15:00,7.0,1.0,593.23,0.0,1.0,68.0,593.38,0.0,593.305,593.3499,591.86,591.87,299458.0,3777.0,593.3050000000001
2021-06-04 12:20:00,1.0,60.0,591.94,0.0,1.0,65.0,592.04,0.0,592.01,593.28,591.8966,592.94,189648.0,2804.0,591.99
2021-06-04 12:25:00,1.0,1.0,592.76,0.0,3.0,60.0,592.89,0.0,592.88,594.11,592.7962,593.7607,109796.0,3373.0,592.825
2021-06-04 12:30:00,1.0,68.0,593.72,0.0,1.0,65.0,593.8,0.0,593.76,594.5,593.14,593.6,134032.0,3534.0,593.76
2021-06-04 12:35:00,1.0,68.0,593.5,0.0,1.0,43.0,593.68,0.0,593.66,594.46,593.2301,593.94,134700.0,3466.0,593.5899999999999
2021-06-04 12:40:00,2.0,43.0,593.9,0.0,1.0,60.0,594.1,0.0,593.9228,594.18,592.7801,593.17,142144.0,3652.0,594.0
2021-06-04 12:45:00,2.0,1.0,593.05,0.0,1.0,64.0,593.17,0.0,593.05,593.56,592.75,593.3714,78248.0,2675.0,593.1099999999999
2021-06-04 12:50:00,1.0,9.0,593.4,0.0,1.0,65.0,593.51,0.0,593.39,593.7,592.69,593.14,111240.0,3414.0,593.4549999999999
2021-06-04 12:55:00,2.0,1.0,593.13,0.0,1.0,1.0,593.28,0.0,593.205,593.5,592.6,593.1,94825.0,2695.0,593.2049999999999
2021-06-04 13:00:00,1.0,1.0,593.1,0.0,1.0,43.0,593.24,0.0,593.19,593.82,592.85,593.65,98970.0,3137.0,593.1700000000001
2021-06-04 13:05:00,1.0,3.0,593.47,0.0,1.0,68.0,593.61,0.0,593.55,594.625,593.18,594.56,123238.0,3722.0,593.54
2021-06-04 13:10:00,1.0,1.0,594.53,0.0,1.0,1.0,594.65,0.0,594.53,596.68,594.46,595.5,297467.0,7017.0,594.5899999999999
2021-06-04 13:15:00,1.0,1.0,595.52,0.0,1.0,73.0,595.65,0.0,595.6,597.6339,594.9,597.5,271614.0,6354.0,595.585
2021-06-04 13:20:00,1.0,65.0,597.33,0.0,1.0,65.0,597.51,0.0,597.3727,597.5599,596.3,596.59,209155.0,5146.0,597.4200000000001
2021-06-04 13:25:00,1.0,68.0,596.46,0.0,2.0,1.0,596.66,0.0,596.61,598.5,596.61,597.59,272878.0,6395.0,596.56
2021-06-04 13:30:00,1.0,7.0,597.53,0.0,1.0,1.0,597.69,0.0,597.68,599.6,597.68,599.2899,338363.0,7642.0,597.61
2021-06-04 13:35:00,1.0,7.0,599.22,0.0,2.0,60.0,599.34,0.0,599.24,600.27,598.84,599.1059,360221.0,9950.0,599.28
2021-06-04 13:40:00,1.0,1.0,599.0,0.0,1.0,65.0,599.25,0.0,599.24,600.23,599.24,599.73,363962.0,6213.0,599.125
2021-06-04 13:45:00,1.0,1.0,599.76,0.0,1.0,65.0,599.93,0.0,599.76,599.8999,598.55,598.83,302067.0,7258.0,599.845
2021-06-04 13:50:00,1.0,68.0,598.71,0.0,1.0,7.0,598.85,0.0,598.82,600.1,598.69,599.81,191991.0,5046.0,598.78
2021-06-04 13:55:00,1.0,1.0,599.75,0.0,1.0,65.0,599.82,0.0,599.82,600.31,599.4,599.6497,191369.0,4917.0,599.7850000000001
2021-06-04 14:00:00,1.0,1.0,599.63,0.0,1.0,43.0,599.78,0.0,599.705,600.61,598.54,598.69,342446.0,6872.0,599.7049999999999
2021-06-04 14:05:00,1.0,7.0,598.67,0.0,2.0,1.0,598.77,0.0,598.725,599.15,597.41,597.64,230508.0,5765.0,598.72
2021-06-04 14:10:00,2.0,43.0,597.56,0.0,1.0,1.0,597.7,0.0,597.7,598.41,596.8203,596.8786,185967.0,5036.0,597.63
2021-06-04 14:15:00,1.0,60.0,596.86,0.0,59.0,1.0,597.0,0.0,596.8706,597.7482,596.75,597.47,118171.0,3250.0,596.9300000000001
2021-06-04 14:20:00,1.0,1.0,597.35,0.0,1.0,1.0,597.48,0.0,597.3506,598.0693,597.09,597.43,109474.0,2861.0,597.415
2021-06-04 14:25:00,1.0,64.0,597.4,0.0,1.0,60.0,597.55,0.0,597.51,597.9799,596.3313,596.46,112677.0,3672.0,597.4749999999999
2021-06-04 14:30:00,1.0,1.0,596.36,0.0,2.0,1.0,596.43,0.0,596.43,598.12,596.4,597.71,179527.0,4070.0,596.395
2021-06-04 14:35:00,1.0,1.0,597.6,0.0,1.0,43.0,597.78,0.0,597.6234,599.37,597.23,598.62,182632.0,4517.0,597.69
2021-06-04 14:40:00,1.0,43.0,598.62,0.0,1.0,43.0,598.82,0.0,598.8054,599.91,598.56,598.631,202658.0,4569.0,598.72
2021-06-04 14:45:00,1.0,65.0,598.61,0.0,1.0,1.0,598.76,0.0,598.62,599.75,598.54,599.5233,176987.0,3847.0,598.685
2021-06-04 14:50:00,2.0,1.0,599.4,0.0,1.0,65.0,599.59,0.0,599.495,599.55,598.45,599.0,172307.0,4053.0,599.495
2021-06-04 14:55:00,1.0,43.0,598.87,0.0,1.0,43.0,599.09,0.0,599.0,599.85,598.636,599.14,140967.0,3661.0,598.98
2021-06-04 15:00:00,1.0,68.0,599.08,0.0,1.0,64.0,599.22,0.0,599.19,599.5,597.8,598.28,184017.0,5214.0,599.1500000000001
2021-06-04 15:05:00,1.0,1.0,598.17,0.0,1.0,60.0,598.42,0.0,598.349,598.51,597.5674,597.745,133230.0,3998.0,598.295
2021-06-04 15:10:00,1.0,1.0,597.71,0.0,2.0,60.0,597.78,0.0,597.78,597.95,597.09,597.24,118473.0,3872.0,597.745
2021-06-04 15:15:00,2.0,1.0,597.09,0.0,1.0,1.0,597.24,0.0,597.1,597.87,596.95,597.775,113907.0,3246.0,597.165
2021-06-04 15:20:00,2.0,1.0,597.72,0.0,1.0,60.0,597.81,0.0,597.8,598.36,597.35,597.6842,150569.0,3943.0,597.765
2021-06-04 15:25:00,1.0,7.0,597.69,0.0,1.0,68.0,597.79,0.0,597.78,598.4,597.37,597.67,134324.0,3445.0,597.74
2021-06-04 15:30:00,2.0,73.0,597.66,0.0,1.0,1.0,597.83,0.0,597.75,597.81,597.34,597.56,120254.0,3217.0,597.745
2021-06-04 15:35:00,1.0,68.0,597.47,0.0,2.0,1.0,597.58,0.0,597.48,597.6206,596.51,596.8492,224867.0,5868.0,597.5250000000001
2021-06-04 15:40:00,2.0,60.0,596.77,0.0,1.0,7.0,596.84,0.0,596.77,596.99,595.81,596.37,258807.0,5682.0,596.8050000000001
2021-06-04 15:45:00,4.0,1.0,596.37,0.0,2.0,43.0,596.49,0.0,596.4,598.13,596.2328,598.087,317571.0,6599.0,596.4300000000001
2021-06-04 15:50:00,1.0,1.0,598.07,0.0,2.0,1.0,598.22,0.0,598.07,599.0499,597.7832,598.77,359072.0,7639.0,598.145
2021-06-04 15:55:00,1.0,17.0,598.72,0.0,15.0,7.0,598.84,0.0,598.72,599.4,598.49,599.35,605764.0,10588.0,598.78
2021-06-07 09:30:00,1.0,9.0,591.64,0.0,1.0,1.0,591.77,0.0,591.825,594.41,588.75,589.9663,891559.0,19295.0,591.7049999999999
2021-06-07 09:35:00,1.0,68.0,589.95,0.0,1.0,1.0,590.26,0.0,590.24,595.0,589.62,589.93,586436.0,13352.0,590.105
2021-06-07 09:40:00,1.0,68.0,589.81,0.0,2.0,7.0,590.09,0.0,589.77,591.0,588.71,590.1097,454867.0,12145.0,589.95
2021-06-07 09:45:00,1.0,1.0,589.92,0.0,4.0,1.0,590.24,0.0,589.94,593.0899,589.67,591.17,505961.0,11744.0,590.0799999999999
2021-06-07 09:50:00,1.0,1.0,591.12,0.0,7.0,7.0,591.48,0.0,591.47,591.73,586.19,587.3299,592243.0,14782.0,591.3
2021-06-07 09:55:00,10.0,65.0,587.0,0.0,1.0,43.0,587.32,0.0,587.16,588.63,586.41,588.63,455698.0,11308.0,587.1600000000001
2021-06-07 10:00:00,1.0,7.0,588.51,0.0,1.0,1.0,588.69,0.0,588.7,588.7199,584.0,585.478,534175.0,16649.0,588.6
2021-06-07 10:05:00,2.0,1.0,585.4,0.0,2.0,43.0,585.65,0.0,585.4,587.76,585.27,586.18,317570.0,9395.0,585.525
2021-06-07 10:10:00,1.0,1.0,586.18,0.0,10.0,7.0,586.49,0.0,586.2,586.8,584.3031,586.19,387210.0,10576.0,586.335
2021-06-07 10:15:00,1.0,7.0,586.1,0.0,1.0,73.0,586.37,0.0,586.235,590.8047,584.6303,584.6303,348469.0,9464.0,586.235
2021-06-07 10:20:00,1.0,60.0,584.64,0.0,1.0,43.0,584.92,0.0,584.9199,586.99,584.5,586.3,232329.0,7139.0,584.78
2021-06-07 10:25:00,2.0,43.0,586.09,0.0,1.0,1.0,586.4,0.0,586.195,588.3799,585.4001,587.76,395087.0,9330.0,586.245
2021-06-07 10:30:00,1.0,43.0,587.68,0.0,1.0,1.0,587.92,0.0,587.91,588.6,586.6701,587.08,217194.0,6728.0,587.8
2021-06-07 10:35:00,1.0,65.0,587.0,0.0,2.0,1.0,587.16,0.0,587.0,588.38,586.2001,586.762,198629.0,6441.0,587.0799999999999
2021-06-07 10:40:00,2.0,60.0,586.64,0.0,1.0,64.0,586.77,0.0,586.54,587.4599,585.64,586.1228,220113.0,7237.0,586.7049999999999
2021-06-07 10:45:00,3.0,60.0,586.03,0.0,31.0,7.0,586.22,0.0,586.03,586.15,582.88,583.9667,614173.0,16831.0,586.125
2021-06-07 10:50:00,2.0,1.0,583.83,0.0,1.0,7.0,583.99,0.0,583.8301,584.49,583.3566,583.53,242870.0,7474.0,583.9100000000001
2021-06-07 10:55:00,1.0,1.0,583.37,0.0,1.0,43.0,583.55,0.0,583.4242,584.76,582.98,584.66,283550.0,9486.0,583.46
2021-06-07 11:00:00,2.0,1.0,584.51,0.0,1.0,7.0,584.7,0.0,584.51,584.9,583.65,583.7,243422.0,8319.0,584.605
2021-06-07 11:05:00,1.0,7.0,583.67,0.0,1.0,1.0,583.98,0.0,583.65,585.99,583.4258,585.7799,286164.0,8939.0,583.825
2021-06-07 11:10:00,1.0,43.0,585.64,0.0,1.0,43.0,585.95,0.0,585.6608,586.63,585.36,586.3,256864.0,7686.0,585.7950000000001
2021-06-07 11:15:00,1.0,1.0,586.24,0.0,1.0,1.0,586.45,0.0,586.17,586.78,585.01,586.4399,306466.0,9669.0,586.345
2021-06-07 11:20:00,2.0,11.0,586.24,0.0,28.0,7.0,586.48,0.0,586.24,586.7181,584.49,585.2193,292140.0,9786.0,586.36
2021-06-07 11:25:00,1.0,43.0,585.12,0.0,2.0,7.0,585.31,0.0,585.2828,585.31,583.81,583.97,211119.0,6304.0,585.2149999999999
2021-06-07 11:30:00,2.0,1.0,583.97,0.0,1.0,1.0,584.09,0.0,583.97,585.23,583.7809,584.1991,189082.0,6906.0,584.03
2021-06-07 11:35:00,1.0,1.0,584.27,0.0,3.0,7.0,584.44,0.0,584.3606,585.98,584.258,585.89,145773.0,5221.0,584.355
2021-06-07 11:40:00,1.0,64.0,585.76,0.0,1.0,1.0,585.94,0.0,585.93,585.94,584.85,585.63,156025.0,5385.0,585.85
2021-06-07 11:45:00,1.0,68.0,585.55,0.0,1.0,65.0,585.66,0.0,585.6057,585.99,585.08,585.99,101045.0,3638.0,585.605
2021-06-07 11:50:00,1.0,1.0,585.86,0.0,26.0,1.0,586.0,0.0,586.0,587.84,586.0,587.65,278910.0,7498.0,585.9300000000001
2021-06-07 11:55:00,1.0,43.0,587.57,0.0,1.0,1.0,587.68,0.0,587.68,588.61,587.64,588.0279,232985.0,6705.0,587.625
2021-06-07 12:00:00,2.0,1.0,587.94,0.0,1.0,60.0,588.04,0.0,587.9483,588.14,587.23,587.59,146459.0,5131.0,587.99
2021-06-07 12:05:00,1.0,1.0,587.41,0.0,1.0,1.0,587.56,0.0,587.5056,590.66,587.5056,590.632,351719.0,8163.0,587.4849999999999
2021-06-07 12:10:00,3.0,1.0,590.54,0.0,1.0,7.0,590.73,0.0,590.748,591.75,590.432,590.5993,298807.0,6506.0,590.635
2021-06-07 12:15:00,1.0,11.0,590.51,0.0,6.0,7.0,590.65,0.0,590.5345,591.78,590.53,590.767,180842.0,4528.0,590.5799999999999
2021-06-07 12:20:00,1.0,65.0,590.7,0.0,2.0,43.0,590.93,0.0,590.7,593.69,590.33,593.15,364258.0,7929.0,590.815
2021-06-07 12:25:00,1.0,43.0,593.06,0.0,1.0,43.0,593.23,0.0,593.239,593.5907,591.313,592.0601,284203.0,6725.0,593.145
2021-06-07 12:30:00,1.0,11.0,592.07,0.0,1.0,7.0,592.23,0.0,592.07,592.6883,590.77,591.32,161807.0,4487.0,592.1500000000001
2021-06-07 12:35:00,2.0,60.0,591.32,0.0,1.0,7.0,591.43,0.0,591.48,592.0,590.81,591.42,139720.0,3946.0,591.375
2021-06-07 12:40:00,1.0,3.0,591.27,0.0,1.0,43.0,591.46,0.0,591.49,591.92,591.01,591.195,99954.0,3019.0,591.365
2021-06-07 12:45:00,2.0,65.0,591.11,0.0,1.0,1.0,591.28,0.0,591.12,592.33,590.7728,591.3,127566.0,3840.0,591.1949999999999
2021-06-07 12:50:00,1.0,7.0,591.26,0.0,5.0,1.0,591.4,0.0,591.24,591.24,589.22,589.725,187407.0,5804.0,591.3299999999999
2021-06-07 12:55:00,3.0,60.0,589.66,0.0,1.0,43.0,589.79,0.0,589.725,590.38,589.34,589.44,156238.0,4321.0,589.7249999999999
2021-06-07 13:00:00,1.0,1.0,589.4,0.0,10.0,7.0,589.5,0.0,589.5,590.05,589.1101,589.4577,120646.0,3804.0,589.45
2021-06-07 13:05:00,2.0,43.0,589.23,0.0,2.0,43.0,589.46,0.0,589.2891,589.42,588.24,588.6,141795.0,4322.0,589.345
2021-06-07 13:10:00,1.0,7.0,588.49,0.0,2.0,65.0,588.65,0.0,588.6499,588.65,586.81,587.3207,252840.0,7082.0,588.5699999999999
2021-06-07 13:15:00,2.0,1.0,587.25,0.0,1.0,3.0,587.33,0.0,587.32,587.71,586.86,587.37,115855.0,4023.0,587.29
2021-06-07 13:20:00,1.0,1.0,587.26,0.0,11.0,7.0,587.42,0.0,587.27,587.7354,587.02,587.3773,157150.0,4625.0,587.3399999999999
2021-06-07 13:25:00,1.0,43.0,587.28,0.0,3.0,7.0,587.45,0.0,587.37,587.37,586.5,586.88,140487.0,4662.0,587.365
2021-06-07 13:30:00,5.0,7.0,586.73,0.0,2.0,1.0,586.89,0.0,586.9,587.28,586.7891,586.93,113143.0,4166.0,586.81
2021-06-07 13:35:00,1.0,7.0,586.91,0.0,2.0,60.0,586.99,0.0,586.9102,588.26,586.9102,588.15,122231.0,4142.0,586.95
2021-06-07 13:40:00,1.0,43.0,588.08,0.0,2.0,1.0,588.21,0.0,588.155,589.6,588.0,589.33,196704.0,4721.0,588.145
2021-06-07 13:45:00,1.0,65.0,589.2,0.0,1.0,68.0,589.37,0.0,589.24,590.58,589.07,590.2815,163459.0,4062.0,589.2850000000001
2021-06-07 13:50:00,1.0,1.0,590.2,0.0,1.0,43.0,590.42,0.0,590.3187,590.85,589.75,590.61,105261.0,3634.0,590.31
2021-06-07 13:55:00,1.0,68.0,590.51,0.0,1.0,43.0,590.74,0.0,590.671,590.9199,589.1528,589.4371,125677.0,5357.0,590.625
2021-06-07 14:00:00,1.0,68.0,589.28,0.0,2.0,43.0,589.43,0.0,589.36,591.24,589.36,590.9599,145090.0,4778.0,589.355
2021-06-07 14:05:00,1.0,68.0,590.8,0.0,1.0,68.0,590.96,0.0,590.87,593.25,590.75,593.23,194382.0,4925.0,590.88
2021-06-07 14:10:00,1.0,7.0,593.24,0.0,1.0,60.0,593.4,0.0,593.255,593.44,591.91,592.28,217974.0,4777.0,593.3199999999999
2021-06-07 14:15:00,1.0,8.0,592.18,0.0,1.0,1.0,592.34,0.0,592.29,592.76,591.3,592.275,131976.0,4011.0,592.26
2021-06-07 14:20:00,1.0,7.0,592.34,0.0,1.0,65.0,592.46,0.0,592.405,598.0,592.3981,597.795,527458.0,11533.0,592.4000000000001
2021-06-07 14:25:00,1.0,43.0,597.69,0.0,1.0,65.0,597.9,0.0,597.8,598.26,596.6,597.0083,270689.0,6655.0,597.7950000000001
2021-06-07 14:30:00,1.0,68.0,596.96,0.0,1.0,1.0,597.07,0.0,597.08,598.69,597.0275,597.48,294962.0,6203.0,597.0150000000001
2021-06-07 14:35:00,2.0,1.0,597.41,0.0,1.0,7.0,597.61,0.0,597.42,597.77,596.03,596.5932,219139.0,5530.0,597.51
2021-06-07 14:40:00,1.0,7.0,596.47,0.0,1.0,68.0,596.6,0.0,596.535,596.9759,595.6353,596.24,151776.0,4262.0,596.5350000000001
2021-06-07 14:45:00,2.0,1.0,596.11,0.0,1.0,43.0,596.33,0.0,596.355,596.51,595.5601,596.4976,116170.0,3088.0,596.22
2021-06-07 14:50:00,1.0,68.0,596.4,0.0,1.0,73.0,596.51,0.0,596.4996,602.43,596.4907,601.7749,487468.0,12971.0,596.4549999999999
2021-06-07 14:55:00,1.0,65.0,601.76,0.0,1.0,43.0,601.94,0.0,601.829,603.75,601.6,602.13,434267.0,9826.0,601.85
2021-06-07 15:00:00,1.0,1.0,602.1,0.0,1.0,43.0,602.29,0.0,602.11,603.49,601.62,602.5,293145.0,6893.0,602.1949999999999
2021-06-07 15:05:00,1.0,65.0,602.31,0.0,1.0,43.0,602.5,0.0,602.5355,604.64,602.53,603.26,346863.0,8040.0,602.405
2021-06-07 15:10:00,1.0,1.0,603.12,0.0,1.0,9.0,603.28,0.0,603.27,604.73,602.6201,603.91,267771.0,6336.0,603.2
2021-06-07 15:15:00,2.0,1.0,603.9,0.0,1.0,1.0,604.13,0.0,603.9001,610.0,603.82,606.12,528181.0,12005.0,604.015
2021-06-07 15:20:00,2.0,1.0,606.04,0.0,1.0,3.0,606.17,0.0,606.11,607.7694,606.0447,607.2219,326668.0,7898.0,606.105
2021-06-07 15:25:00,1.0,43.0,607.22,0.0,1.0,73.0,607.4,0.0,607.35,607.56,605.8,606.06,214010.0,5791.0,607.31
2021-06-07 15:30:00,1.0,68.0,605.99,0.0,2.0,43.0,606.1,0.0,606.0,608.2,605.99,606.8718,362633.0,8643.0,606.0450000000001
2021-06-07 15:35:00,1.0,65.0,606.77,0.0,1.0,43.0,606.99,0.0,606.78,607.08,604.35,605.12,308515.0,8078.0,606.88
2021-06-07 15:40:00,1.0,60.0,605.04,0.0,1.0,1.0,605.23,0.0,605.2,607.16,605.0,605.68,305548.0,6678.0,605.135
2021-06-07 15:45:00,1.0,3.0,605.54,0.0,2.0,43.0,605.78,0.0,605.645,606.37,604.58,605.46,211246.0,5778.0,605.66
2021-06-07 15:50:00,1.0,1.0,605.32,0.0,1.0,7.0,605.69,0.0,605.71,607.11,605.5,606.16,321034.0,8841.0,605.5050000000001
2021-06-07 15:55:00,1.0,1.0,606.01,0.0,1.0,1.0,606.21,0.0,606.1365,606.1365,605.0,605.13,366847.0,9625.0,606.11
2021-06-08 09:30:00,19.0,7.0,622.89,0.0,1.0,7.0,623.15,0.0,623.01,623.09,616.62,617.4799,1440075.0,24121.0,623.02
2021-06-08 09:35:00,1.0,68.0,617.36,0.0,1.0,68.0,617.61,0.0,617.5821,617.87,614.61,616.43,846585.0,18637.0,617.485
2021-06-08 09:40:00,1.0,1.0,616.31,0.0,1.0,43.0,616.67,0.0,616.8399,619.0,615.9,618.7619,665228.0,13950.0,616.49
2021-06-08 09:45:00,1.0,60.0,618.76,0.0,2.0,1.0,618.95,0.0,618.95,618.95,614.401,616.548,445420.0,11173.0,618.855
2021-06-08 09:50:00,3.0,1.0,616.42,0.0,2.0,1.0,616.62,0.0,616.5367,616.78,612.25,613.6851,578050.0,13245.0,616.52
2021-06-08 09:55:00,1.0,43.0,613.65,0.0,1.0,1.0,613.9,0.0,613.75,614.88,613.0672,614.6885,338364.0,8089.0,613.775
2021-06-08 10:00:00,1.0,43.0,614.45,0.0,1.0,7.0,614.69,0.0,614.66,615.55,612.0,613.35,499319.0,11369.0,614.57
2021-06-08 10:05:00,1.0,1.0,613.24,0.0,1.0,1.0,613.48,0.0,613.24,613.51,611.0601,612.07,446140.0,9946.0,613.36
2021-06-08 10:10:00,3.0,1.0,611.84,0.0,1.0,1.0,612.07,0.0,611.84,614.04,611.01,613.38,383738.0,8595.0,611.955
2021-06-08 10:15:00,1.0,43.0,613.13,0.0,1.0,9.0,613.46,0.0,613.39,613.8699,612.18,613.076,255484.0,6098.0,613.2950000000001
2021-06-08 10:20:00,1.0,1.0,612.72,0.0,2.0,7.0,613.08,0.0,612.97,614.4,610.35,610.79,343982.0,8391.0,612.9000000000001
2021-06-08 10:25:00,1.0,65.0,610.67,0.0,1.0,73.0,610.8,0.0,610.8,611.14,608.2,608.75,603977.0,12910.0,610.7349999999999
2021-06-08 10:30:00,7.0,65.0,608.75,0.0,2.0,43.0,609.08,0.0,608.935,609.2899,606.38,607.65,685084.0,12130.0,608.915
2021-06-08 10:35:00,1.0,3.0,607.61,0.0,2.0,4.0,607.69,0.0,607.66,607.7,605.6,606.495,521647.0,10767.0,607.6500000000001
2021-06-08 10:40:00,1.0,7.0,606.33,0.0,1.0,43.0,606.58,0.0,606.47,607.7886,605.31,606.45,520622.0,9855.0,606.455
2021-06-08 10:45:00,1.0,65.0,606.32,0.0,2.0,43.0,606.58,0.0,606.3572,607.8651,605.93,606.04,272000.0,7098.0,606.45
2021-06-08 10:50:00,4.0,65.0,606.01,0.0,1.0,68.0,606.07,0.0,606.0,607.22,603.1301,603.45,448219.0,11028.0,606.04
2021-06-08 10:55:00,1.0,60.0,603.36,0.0,1.0,43.0,603.52,0.0,603.36,603.88,601.7634,603.22,549957.0,11022.0,603.44
2021-06-08 11:00:00,1.0,43.0,603.09,0.0,1.0,60.0,603.24,0.0,603.16,604.1,601.12,601.5478,327959.0,7697.0,603.165
2021-06-08 11:05:00,1.0,1.0,601.53,0.0,1.0,43.0,601.71,0.0,601.5483,604.48,601.12,604.2924,355546.0,8071.0,601.62
2021-06-08 11:10:00,2.0,65.0,604.27,0.0,1.0,63.0,604.49,0.0,604.2701,604.58,601.731,601.87,277980.0,6537.0,604.38
2021-06-08 11:15:00,2.0,3.0,601.82,0.0,1.0,1.0,602.05,0.0,601.7901,602.6778,599.11,599.1305,510865.0,11874.0,601.935
2021-06-08 11:20:00,1.0,1.0,599.12,0.0,1.0,43.0,599.32,0.0,599.1499,599.8299,596.11,597.7,614364.0,13064.0,599.22
2021-06-08 11:25:00,1.0,43.0,597.69,0.0,1.0,1.0,597.92,0.0,597.91,599.5704,597.4596,598.45,314123.0,8388.0,597.8050000000001
2021-06-08 11:30:00,1.0,60.0,598.42,0.0,1.0,1.0,598.6,0.0,598.5744,599.8,598.05,599.49,299543.0,7424.0,598.51
2021-06-08 11:35:00,1.0,43.0,599.4,0.0,1.0,7.0,599.62,0.0,599.5,599.5,596.91,597.2,301194.0,7381.0,599.51
2021-06-08 11:40:00,1.0,73.0,597.15,0.0,1.0,7.0,597.3,0.0,597.1567,599.19,595.5,598.7182,437024.0,9369.0,597.2249999999999
2021-06-08 11:45:00,1.0,1.0,598.7,0.0,1.0,7.0,598.92,0.0,598.8882,599.4779,598.4,598.54,251534.0,6171.0,598.81
2021-06-08 11:50:00,1.0,43.0,598.54,0.0,1.0,43.0,598.76,0.0,598.5423,600.5,597.2,600.22,292387.0,7664.0,598.65
2021-06-08 11:55:00,2.0,43.0,600.05,0.0,1.0,7.0,600.38,0.0,600.25,602.18,600.0501,600.9795,395877.0,8585.0,600.2149999999999
2021-06-08 12:00:00,2.0,65.0,600.89,0.0,2.0,43.0,601.04,0.0,601.07,604.14,600.6326,604.07,384494.0,8077.0,600.9649999999999
2021-06-08 12:05:00,1.0,1.0,604.04,0.0,1.0,1.0,604.08,0.0,604.08,604.45,602.29,602.9263,338571.0,6266.0,604.06
2021-06-08 12:10:00,14.0,65.0,602.86,0.0,2.0,1.0,603.0,0.0,602.86,603.3652,601.51,602.8607,200466.0,4611.0,602.9300000000001
2021-06-08 12:15:00,2.0,43.0,602.85,0.0,1.0,60.0,603.0,0.0,602.8654,603.41,601.7601,603.26,170218.0,3795.0,602.925
2021-06-08 12:20:00,1.0,60.0,603.16,0.0,2.0,60.0,603.26,0.0,603.26,603.3,598.69,600.126,586829.0,7322.0,603.21
2021-06-08 12:25:00,1.0,64.0,600.0,0.0,1.0,43.0,600.21,0.0,600.15,600.3,598.15,600.12,192136.0,5102.0,600.105
2021-06-08 12:30:00,1.0,43.0,600.01,0.0,1.0,68.0,600.21,0.0,600.1666,600.6225,599.3701,600.61,126258.0,3693.0,600.11
2021-06-08 12:35:00,1.0,65.0,600.45,0.0,1.0,7.0,600.59,0.0,600.7,601.58,600.09,601.335,151225.0,3565.0,600.52
2021-06-08 12:40:00,1.0,9.0,601.27,0.0,1.0,68.0,601.4,0.0,601.27,601.86,600.1414,600.1414,117485.0,3504.0,601.335
2021-06-08 12:45:00,1.0,7.0,600.14,0.0,1.0,65.0,600.23,0.0,600.23,600.763,599.69,600.6299,111616.0,3629.0,600.185
2021-06-08 12:50:00,3.0,7.0,600.5,0.0,1.0,65.0,600.63,0.0,600.5163,601.16,600.25,600.69,86416.0,2959.0,600.565
2021-06-08 12:55:00,1.0,60.0,600.69,0.0,2.0,65.0,600.89,0.0,600.7637,602.3,600.734,601.85,150124.0,4014.0,600.79
2021-06-08 13:00:00,1.0,65.0,601.73,0.0,1.0,7.0,601.89,0.0,601.84,602.2,600.59,601.39,106711.0,3046.0,601.81
2021-06-08 13:05:00,1.0,60.0,601.37,0.0,1.0,68.0,601.48,0.0,601.37,601.42,600.2003,600.62,87316.0,2496.0,601.425
2021-06-08 13:10:00,1.0,1.0,600.57,0.0,1.0,1.0,600.79,0.0,600.65,601.0305,598.8,598.94,178640.0,5694.0,600.6800000000001
2021-06-08 13:15:00,2.0,65.0,598.8,0.0,1.0,60.0,598.95,0.0,598.77,599.2727,597.85,598.88,185356.0,4959.0,598.875
2021-06-08 13:20:00,1.0,43.0,598.7,0.0,1.0,43.0,598.92,0.0,598.8524,599.28,598.38,598.96,121054.0,3767.0,598.81
2021-06-08 13:25:00,1.0,1.0,598.89,0.0,1.0,68.0,599.05,0.0,599.05,599.59,598.34,598.35,104865.0,3279.0,598.97
2021-06-08 13:30:00,2.0,65.0,598.35,0.0,2.0,7.0,598.48,0.0,598.4024,599.2,598.0,598.81,141140.0,4028.0,598.415
2021-06-08 13:35:00,1.0,3.0,598.73,0.0,1.0,60.0,598.81,0.0,598.74,599.64,598.729,599.405,108388.0,3518.0,598.77
2021-06-08 13:40:00,1.0,65.0,599.21,0.0,1.0,60.0,599.48,0.0,599.32,602.0,598.82,601.82,303700.0,7153.0,599.345
2021-06-08 13:45:00,1.0,64.0,601.71,0.0,1.0,7.0,601.87,0.0,601.71,603.8,601.66,602.18,376614.0,7404.0,601.79
2021-06-08 13:50:00,1.0,7.0,602.07,0.0,1.0,63.0,602.28,0.0,602.0839,604.32,601.5403,601.8993,293441.0,6296.0,602.175
2021-06-08 13:55:00,2.0,60.0,601.88,0.0,1.0,68.0,602.04,0.0,601.89,602.3822,600.7,600.915,149684.0,3526.0,601.96
2021-06-08 14:00:00,1.0,7.0,600.84,0.0,2.0,43.0,600.99,0.0,600.84,601.48,599.79,600.93,156344.0,3842.0,600.915
2021-06-08 14:05:00,1.0,43.0,600.76,0.0,1.0,68.0,600.91,0.0,600.9019,601.42,600.01,601.17,126357.0,2923.0,600.835
2021-06-08 14:10:00,1.0,43.0,601.15,0.0,1.0,7.0,601.39,0.0,601.1658,601.75,600.02,600.51,171306.0,4058.0,601.27
2021-06-08 14:15:00,1.0,68.0,600.36,0.0,1.0,43.0,600.58,0.0,600.36,602.2,600.1654,602.12,177949.0,4056.0,600.47
2021-06-08 14:20:00,1.0,1.0,601.92,0.0,1.0,63.0,602.17,0.0,602.085,602.15,600.44,601.755,157517.0,3969.0,602.045
2021-06-08 14:25:00,1.0,3.0,601.63,0.0,2.0,43.0,601.86,0.0,601.7868,603.3568,601.5,603.21,235293.0,5039.0,601.745
2021-06-08 14:30:00,1.0,64.0,603.1,0.0,1.0,1.0,603.22,0.0,603.0701,605.3799,603.0701,605.24,356921.0,6874.0,603.1600000000001
2021-06-08 14:35:00,1.0,1.0,605.08,0.0,8.0,1.0,605.24,0.0,605.24,605.33,603.4,604.08,191236.0,3902.0,605.1600000000001
2021-06-08 14:40:00,1.0,7.0,603.95,0.0,1.0,1.0,604.13,0.0,604.1048,605.43,603.75,604.76,223379.0,4483.0,604.04
2021-06-08 14:45:00,12.0,60.0,604.64,0.0,2.0,43.0,604.86,0.0,604.86,606.0,603.8001,605.71,195194.0,3910.0,604.75
2021-06-08 14:50:00,1.0,43.0,605.57,0.0,1.0,68.0,605.71,0.0,605.71,606.03,603.67,603.98,193119.0,4142.0,605.6400000000001
2021-06-08 14:55:00,1.0,7.0,603.92,0.0,1.0,65.0,604.05,0.0,603.9886,604.59,603.26,603.8264,138291.0,3411.0,603.9849999999999
2021-06-08 15:00:00,1.0,1.0,603.77,0.0,1.0,65.0,603.9,0.0,603.835,604.3999,603.3401,603.9709,125998.0,3112.0,603.835
2021-06-08 15:05:00,2.0,43.0,603.93,0.0,1.0,73.0,604.15,0.0,604.05,604.05,601.29,602.32,252681.0,6610.0,604.04
2021-06-08 15:10:00,1.0,43.0,602.2,0.0,1.0,1.0,602.4,0.0,602.3339,603.15,601.82,601.924,199567.0,3958.0,602.3
2021-06-08 15:15:00,1.0,65.0,601.85,0.0,1.0,7.0,601.99,0.0,601.935,602.7105,601.35,601.9477,193285.0,4088.0,601.9200000000001
2021-06-08 15:20:00,1.0,1.0,601.91,0.0,1.0,73.0,602.0,0.0,601.92,602.5,600.44,600.6,194072.0,4746.0,601.9549999999999
2021-06-08 15:25:00,1.0,7.0,600.57,0.0,1.0,1.0,600.69,0.0,600.6797,601.81,600.39,601.1144,154163.0,3885.0,600.6300000000001
2021-06-08 15:30:00,1.0,60.0,601.1,0.0,1.0,7.0,601.29,0.0,601.13,602.6,601.01,602.1621,172466.0,4243.0,601.1949999999999
2021-06-08 15:35:00,1.0,1.0,602.11,0.0,1.0,7.0,602.26,0.0,602.185,602.51,601.32,601.34,178479.0,4063.0,602.185
2021-06-08 15:40:00,1.0,63.0,601.34,0.0,1.0,7.0,601.61,0.0,601.36,602.68,601.35,602.64,175007.0,4780.0,601.475
2021-06-08 15:45:00,1.0,1.0,602.48,0.0,1.0,68.0,602.53,0.0,602.47,602.5382,600.7256,600.99,187948.0,4793.0,602.505
2021-06-08 15:50:00,1.0,68.0,600.9,0.0,4.0,1.0,601.0,0.0,601.0,603.68,600.96,603.13,466548.0,9114.0,600.95
2021-06-08 15:55:00,1.0,1.0,602.99,0.0,1.0,1.0,603.21,0.0,603.101,604.15,602.58,603.5,582185.0,12446.0,603.1
2021-06-09 09:30:00,1.0,1.0,602.01,0.0,1.0,1.0,602.1,0.0,602.17,607.77,601.85,607.77,650618.0,12379.0,602.0550000000001
2021-06-09 09:35:00,2.0,65.0,607.7,0.0,1.0,1.0,607.79,0.0,607.79,611.136,607.3674,608.5958,657393.0,13467.0,607.745
2021-06-09 09:40:00,2.0,7.0,608.39,0.0,2.0,65.0,608.63,0.0,608.37,610.03,605.5,607.97,577232.0,11266.0,608.51
2021-06-09 09:45:00,1.0,65.0,607.77,0.0,1.0,7.0,607.98,0.0,607.97,611.79,607.7401,608.67,840087.0,14555.0,607.875
2021-06-09 09:50:00,1.0,7.0,608.51,0.0,1.0,1.0,608.67,0.0,608.51,608.89,603.71,604.12,488529.0,10292.0,608.5899999999999
2021-06-09 09:55:00,1.0,43.0,604.0,0.0,2.0,7.0,604.4,0.0,604.1501,605.79,602.3801,603.4801,408077.0,9009.0,604.2
2021-06-09 10:00:00,1.0,1.0,603.6,0.0,1.0,43.0,603.9,0.0,603.89,604.49,602.35,602.56,315785.0,7108.0,603.75
2021-06-09 10:05:00,2.0,43.0,602.38,0.0,2.0,43.0,602.78,0.0,602.78,605.0419,602.2318,604.3839,311852.0,6608.0,602.5799999999999
2021-06-09 10:10:00,1.0,65.0,604.38,0.0,1.0,1.0,604.59,0.0,604.58,604.83,601.18,602.2199,335476.0,7962.0,604.485
2021-06-09 10:15:00,8.0,7.0,602.0,0.0,2.0,1.0,602.22,0.0,602.105,602.35,600.52,601.583,262427.0,6375.0,602.11
2021-06-09 10:20:00,1.0,68.0,601.58,0.0,1.0,3.0,601.87,0.0,601.59,604.05,601.0151,603.305,291106.0,6329.0,601.725
2021-06-09 10:25:00,2.0,43.0,603.12,0.0,1.0,1.0,603.49,0.0,603.406,604.57,602.6068,603.88,237283.0,5190.0,603.3050000000001
2021-06-09 10:30:00,1.0,9.0,603.91,0.0,1.0,65.0,604.17,0.0,604.0,605.4,603.8,605.1,225077.0,4855.0,604.04
2021-06-09 10:35:00,1.0,7.0,605.09,0.0,1.0,65.0,605.19,0.0,605.1775,605.2499,603.1,604.79,163733.0,4143.0,605.1400000000001
2021-06-09 10:40:00,1.0,43.0,604.68,0.0,1.0,63.0,604.9,0.0,604.76,606.4,604.52,606.205,234249.0,5344.0,604.79
2021-06-09 10:45:00,1.0,7.0,606.07,0.0,1.0,65.0,606.34,0.0,606.3,608.43,606.03,606.76,459734.0,8819.0,606.205
2021-06-09 10:50:00,2.0,43.0,606.71,0.0,1.0,7.0,606.99,0.0,606.8561,608.0,605.84,607.6895,312880.0,6479.0,606.85
2021-06-09 10:55:00,1.0,68.0,607.6,0.0,1.0,43.0,607.8,0.0,607.6118,607.7,605.16,605.68,220876.0,4673.0,607.7
2021-06-09 11:00:00,1.0,43.0,605.56,0.0,1.0,65.0,605.81,0.0,605.655,606.8275,605.16,606.7038,145848.0,3680.0,605.685
2021-06-09 11:05:00,1.0,1.0,606.64,0.0,1.0,65.0,606.84,0.0,606.73,607.3899,605.2501,605.755,151686.0,3639.0,606.74
2021-06-09 11:10:00,1.0,7.0,605.67,0.0,1.0,43.0,605.86,0.0,605.775,605.84,603.7,604.015,194504.0,4429.0,605.765
2021-06-09 11:15:00,2.0,65.0,603.86,0.0,1.0,43.0,604.17,0.0,604.17,604.2344,602.71,603.01,186818.0,4837.0,604.015
2021-06-09 11:20:00,1.0,43.0,602.98,0.0,1.0,65.0,603.27,0.0,603.23,603.75,602.735,603.1,150719.0,3537.0,603.125
2021-06-09 11:25:00,1.0,1.0,602.93,0.0,1.0,68.0,603.14,0.0,603.06,604.1,602.52,603.315,141969.0,4001.0,603.035
2021-06-09 11:30:00,1.0,43.0,603.28,0.0,1.0,63.0,603.48,0.0,603.55,603.55,602.5153,602.9,119716.0,3008.0,603.38
2021-06-09 11:35:00,3.0,1.0,602.87,0.0,1.0,68.0,602.98,0.0,602.87,603.08,601.91,602.7115,138486.0,3590.0,602.925
2021-06-09 11:40:00,1.0,43.0,602.59,0.0,1.0,68.0,602.84,0.0,602.6272,602.8,601.6,601.7419,128869.0,3296.0,602.715
2021-06-09 11:45:00,1.0,7.0,601.61,0.0,2.0,43.0,601.81,0.0,601.735,602.4826,601.64,602.1746,84671.0,2875.0,601.71
2021-06-09 11:50:00,2.0,1.0,602.1,0.0,1.0,68.0,602.33,0.0,602.1301,602.6312,599.51,599.81,302947.0,8424.0,602.215
2021-06-09 11:55:00,1.0,65.0,599.67,0.0,1.0,1.0,599.81,0.0,599.7295,599.909,598.5,599.45,265356.0,7012.0,599.74
2021-06-09 12:00:00,1.0,1.0,599.32,0.0,1.0,68.0,599.46,0.0,599.3827,600.88,598.465,600.8179,245644.0,5556.0,599.3900000000001
2021-06-09 12:05:00,3.0,7.0,600.72,0.0,1.0,68.0,600.82,0.0,600.82,601.015,599.58,600.08,155204.0,3500.0,600.77
2021-06-09 12:10:00,2.0,60.0,600.07,0.0,1.0,68.0,600.21,0.0,600.05,601.04,599.86,601.0,123146.0,3059.0,600.1400000000001
2021-06-09 12:15:00,1.0,60.0,600.91,0.0,1.0,65.0,601.0,0.0,600.9623,601.0,600.0,600.4253,92683.0,2473.0,600.9549999999999
2021-06-09 12:20:00,1.0,1.0,600.41,0.0,1.0,7.0,600.54,0.0,600.54,601.84,600.4781,601.6441,147839.0,3536.0,600.4749999999999
2021-06-09 12:25:00,1.0,68.0,601.57,0.0,1.0,7.0,601.7,0.0,601.7,602.48,601.6643,602.3362,121514.0,3309.0,601.635
2021-06-09 12:30:00,12.0,7.0,602.3,0.0,9.0,65.0,602.45,0.0,602.45,603.0,602.1001,602.5899,137140.0,3427.0,602.375
2021-06-09 12:35:00,1.0,63.0,602.37,0.0,1.0,43.0,602.54,0.0,602.4759,602.96,602.02,602.96,114103.0,2388.0,602.4549999999999
2021-06-09 12:40:00,1.0,60.0,602.84,0.0,2.0,43.0,602.96,0.0,602.9,603.5,602.6549,602.8601,127535.0,3048.0,602.9000000000001
2021-06-09 12:45:00,2.0,1.0,602.86,0.0,1.0,68.0,602.96,0.0,602.94,603.01,602.1101,602.2399,63912.0,1986.0,602.9100000000001
2021-06-09 12:50:00,2.0,65.0,602.22,0.0,1.0,1.0,602.38,0.0,602.52,603.3,602.2,602.84,88624.0,2440.0,602.3
2021-06-09 12:55:00,1.0,7.0,602.79,0.0,1.0,1.0,602.89,0.0,602.85,604.38,602.8,604.0495,144600.0,3190.0,602.8399999999999
2021-06-09 13:00:00,2.0,65.0,604.03,0.0,1.0,68.0,604.19,0.0,604.17,604.54,603.8568,604.0594,160056.0,3945.0,604.11
2021-06-09 13:05:00,1.0,63.0,603.99,0.0,1.0,43.0,604.12,0.0,604.02,604.45,602.94,603.005,158691.0,3189.0,604.0550000000001
2021-06-09 13:10:00,2.0,1.0,602.89,0.0,2.0,1.0,603.0,0.0,602.96,602.99,601.51,601.664,157295.0,3086.0,602.9449999999999
2021-06-09 13:15:00,1.0,1.0,601.6,0.0,2.0,1.0,601.7,0.0,601.7,602.0,601.1101,601.3842,165334.0,3079.0,601.6500000000001
2021-06-09 13:20:00,1.0,63.0,601.33,0.0,1.0,43.0,601.48,0.0,601.33,601.93,601.18,601.24,101936.0,2300.0,601.405
2021-06-09 13:25:00,3.0,65.0,601.18,0.0,2.0,1.0,601.3,0.0,601.19,601.278,600.26,600.5393,161207.0,3466.0,601.24
2021-06-09 13:30:00,10.0,60.0,600.42,0.0,2.0,43.0,600.55,0.0,600.4939,601.4676,599.73,601.2413,250076.0,5631.0,600.4849999999999
2021-06-09 13:35:00,1.0,43.0,601.17,0.0,1.0,65.0,601.37,0.0,601.27,601.4,600.4094,601.154,88564.0,2213.0,601.27
2021-06-09 13:40:00,4.0,1.0,601.07,0.0,1.0,60.0,601.19,0.0,601.07,601.07,598.76,599.6299,207757.0,5250.0,601.1300000000001
2021-06-09 13:45:00,1.0,65.0,599.45,0.0,2.0,1.0,599.64,0.0,599.46,600.9064,599.3401,600.83,151102.0,3530.0,599.5450000000001
2021-06-09 13:50:00,1.0,60.0,600.74,0.0,1.0,65.0,600.9,0.0,600.76,600.933,600.03,600.77,76708.0,2116.0,600.8199999999999
2021-06-09 13:55:00,1.0,60.0,600.65,0.0,1.0,7.0,600.85,0.0,600.77,601.74,600.44,600.575,135659.0,3045.0,600.75
2021-06-09 14:00:00,1.0,68.0,600.64,0.0,1.0,1.0,600.75,0.0,600.76,601.6994,600.65,601.03,92179.0,2622.0,600.6949999999999
2021-06-09 14:05:00,1.0,68.0,600.92,0.0,1.0,7.0,601.06,0.0,601.02,601.13,600.05,600.324,88621.0,2672.0,600.99
2021-06-09 14:10:00,1.0,1.0,600.2,0.0,2.0,1.0,600.34,0.0,600.25,600.9,600.0,600.71,81786.0,2338.0,600.27
2021-06-09 14:15:00,1.0,9.0,600.57,0.0,2.0,43.0,600.79,0.0,600.73,602.01,600.71,601.0816,130247.0,2843.0,600.6800000000001
2021-06-09 14:20:00,1.0,1.0,600.96,0.0,1.0,43.0,601.13,0.0,601.055,601.8691,600.9818,601.378,78432.0,2220.0,601.0450000000001
2021-06-09 14:25:00,3.0,65.0,601.31,0.0,1.0,7.0,601.5,0.0,601.31,602.6,601.22,601.795,144375.0,3279.0,601.405
2021-06-09 14:30:00,2.0,43.0,601.7,0.0,1.0,68.0,601.88,0.0,601.79,602.6948,601.36,601.75,134241.0,2755.0,601.79
2021-06-09 14:35:00,1.0,68.0,601.62,0.0,1.0,43.0,601.79,0.0,601.7094,601.866,600.5,601.2,106638.0,2333.0,601.7049999999999
2021-06-09 14:40:00,1.0,1.0,601.05,0.0,5.0,65.0,601.2,0.0,601.1814,601.485,600.311,600.59,76496.0,2047.0,601.125
2021-06-09 14:45:00,2.0,1.0,600.58,0.0,1.0,68.0,600.7,0.0,600.59,601.03,600.24,600.41,81189.0,2290.0,600.6400000000001
2021-06-09 14:50:00,1.0,1.0,600.22,0.0,1.0,43.0,600.46,0.0,600.395,600.9083,600.2119,600.7122,99030.0,2606.0,600.34
2021-06-09 14:55:00,1.0,68.0,600.63,0.0,1.0,65.0,600.75,0.0,600.63,601.19,599.84,599.92,96287.0,3116.0,600.69
2021-06-09 15:00:00,1.0,65.0,599.84,0.0,1.0,1.0,599.99,0.0,599.9899,600.19,599.16,599.5,105031.0,3479.0,599.915
2021-06-09 15:05:00,1.0,68.0,599.42,0.0,1.0,7.0,599.57,0.0,599.4201,600.05,598.9596,599.7199,107857.0,3312.0,599.495
2021-06-09 15:10:00,1.0,68.0,599.57,0.0,1.0,4.0,599.73,0.0,599.74,601.0,599.7207,600.48,139476.0,3398.0,599.6500000000001
2021-06-09 15:15:00,1.0,1.0,600.33,0.0,6.0,65.0,600.5,0.0,600.34,600.88,599.6812,599.8001,111758.0,3133.0,600.415
2021-06-09 15:20:00,10.0,65.0,599.8,0.0,1.0,63.0,599.96,0.0,599.83,600.243,597.75,598.665,325623.0,8188.0,599.88
2021-06-09 15:25:00,1.0,3.0,598.62,0.0,1.0,68.0,598.75,0.0,598.71,600.03,597.83,598.55,237555.0,5658.0,598.685
2021-06-09 15:30:00,1.0,1.0,598.54,0.0,1.0,43.0,598.7,0.0,598.55,599.68,597.6301,599.42,203523.0,4776.0,598.62
2021-06-09 15:35:00,1.0,68.0,599.29,0.0,1.0,64.0,599.42,0.0,599.29,599.3,598.3112,598.35,110948.0,3309.0,599.355
2021-06-09 15:40:00,2.0,4.0,598.32,0.0,1.0,68.0,598.46,0.0,598.32,598.8932,597.72,598.0876,176982.0,4535.0,598.3900000000001
2021-06-09 15:45:00,2.0,1.0,598.02,0.0,1.0,68.0,598.18,0.0,598.18,599.1625,597.8901,598.61,153247.0,4326.0,598.0999999999999
2021-06-09 15:50:00,1.0,7.0,598.52,0.0,1.0,11.0,598.72,0.0,598.5,599.7099,598.09,599.41,284958.0,6651.0,598.62
2021-06-09 15:55:00,1.0,60.0,599.33,0.0,1.0,1.0,599.59,0.0,599.4887,599.948,598.59,598.78,337639.0,8253.0,599.46
2021-06-10 09:30:00,3.0,1.0,603.75,0.0,52.0,7.0,604.0,0.0,603.88,607.02,600.5,606.79,879373.0,17413.0,603.875
2021-06-10 09:35:00,1.0,9.0,606.79,0.0,3.0,1.0,607.0,0.0,606.98,609.8799,605.56,608.1959,764073.0,15049.0,606.895
2021-06-10 09:40:00,2.0,43.0,608.16,0.0,1.0,65.0,608.49,0.0,608.3668,610.8499,606.837,608.56,816255.0,16136.0,608.325
2021-06-10 09:45:00,1.0,7.0,608.32,0.0,2.0,1.0,608.77,0.0,608.56,612.1834,607.5301,610.895,735369.0,13748.0,608.5450000000001
2021-06-10 09:50:00,1.0,60.0,610.79,0.0,2.0,7.0,611.0,0.0,610.99,611.54,608.39,609.45,511331.0,11111.0,610.895
2021-06-10 09:55:00,2.0,43.0,609.22,0.0,1.0,1.0,609.49,0.0,609.49,610.75,608.3001,608.3901,381086.0,8352.0,609.355
2021-06-10 10:00:00,2.0,43.0,608.39,0.0,1.0,7.0,608.9,0.0,608.86,613.2294,607.5,612.23,706074.0,14419.0,608.645
2021-06-10 10:05:00,4.0,7.0,612.02,0.0,2.0,43.0,612.24,0.0,612.229,615.61,611.38,614.5123,987600.0,17979.0,612.13
2021-06-10 10:10:00,1.0,1.0,614.34,0.0,1.0,60.0,614.57,0.0,614.5504,615.0999,611.68,612.4801,625034.0,12758.0,614.455
2021-06-10 10:15:00,1.0,65.0,612.39,0.0,1.0,60.0,612.54,0.0,612.49,613.37,611.05,612.1,376845.0,8503.0,612.4649999999999
2021-06-10 10:20:00,1.0,1.0,612.03,0.0,1.0,60.0,612.17,0.0,612.05,612.4999,610.51,611.65,391329.0,7816.0,612.0999999999999
2021-06-10 10:25:00,1.0,43.0,611.68,0.0,3.0,1.0,611.89,0.0,611.79,613.0,609.7029,610.5432,456907.0,7633.0,611.785
2021-06-10 10:30:00,2.0,43.0,610.55,0.0,1.0,7.0,610.85,0.0,610.85,612.4499,610.5,611.83,253140.0,5407.0,610.7
2021-06-10 10:35:00,2.0,43.0,611.78,0.0,1.0,60.0,611.97,0.0,611.885,612.67,608.16,608.7197,446461.0,9040.0,611.875
2021-06-10 10:40:00,1.0,65.0,608.6,0.0,2.0,43.0,608.78,0.0,608.695,609.35,607.75,608.282,255873.0,5487.0,608.69
2021-06-10 10:45:00,1.0,43.0,608.1,0.0,1.0,43.0,608.46,0.0,608.13,608.3668,605.42,605.89,454410.0,9352.0,608.28
2021-06-10 10:50:00,1.0,68.0,605.84,0.0,15.0,1.0,606.0,0.0,606.0,607.62,605.5,606.7,284756.0,6247.0,605.9200000000001
2021-06-10 10:55:00,1.0,65.0,606.56,0.0,3.0,1.0,606.73,0.0,606.645,608.9899,605.93,608.77,363934.0,7147.0,606.645
2021-06-10 11:00:00,1.0,1.0,608.71,0.0,1.0,1.0,608.88,0.0,608.76,608.81,607.104,608.21,207873.0,4808.0,608.7950000000001
2021-06-10 11:05:00,2.0,43.0,608.14,0.0,1.0,68.0,608.4,0.0,608.1501,609.8592,607.1401,609.6,240964.0,5400.0,608.27
2021-06-10 11:10:00,1.0,1.0,609.57,0.0,3.0,65.0,609.67,0.0,609.67,609.9099,608.6469,609.0299,174152.0,3974.0,609.62
2021-06-10 11:15:00,1.0,1.0,608.91,0.0,1.0,7.0,609.03,0.0,608.91,610.67,608.45,608.72,305133.0,6082.0,608.97
2021-06-10 11:20:00,2.0,65.0,608.66,0.0,1.0,7.0,608.84,0.0,608.69,609.19,608.09,609.14,128855.0,3490.0,608.75
2021-06-10 11:25:00,1.0,7.0,609.04,0.0,1.0,43.0,609.2,0.0,608.9,610.59,608.77,609.075,203339.0,5158.0,609.12
2021-06-10 11:30:00,1.0,43.0,608.95,0.0,1.0,9.0,609.2,0.0,608.96,610.17,608.06,609.2661,170302.0,3628.0,609.075
2021-06-10 11:35:00,2.0,1.0,609.12,0.0,1.0,1.0,609.27,0.0,609.26,610.01,609.2226,609.9999,148328.0,3733.0,609.1949999999999
2021-06-10 11:40:00,1.0,1.0,609.81,0.0,1.0,43.0,610.0,0.0,609.9807,610.1,607.17,607.71,346629.0,6035.0,609.905
2021-06-10 11:45:00,2.0,7.0,607.71,0.0,1.0,65.0,607.9,0.0,607.9,608.4977,607.64,607.7818,105786.0,3153.0,607.8050000000001
2021-06-10 11:50:00,2.0,1.0,607.82,0.0,1.0,65.0,607.97,0.0,608.0,608.1697,606.23,607.7732,135970.0,4245.0,607.895
2021-06-10 11:55:00,6.0,1.0,607.56,0.0,1.0,17.0,607.79,0.0,607.5601,607.99,607.425,607.84,89415.0,2759.0,607.675
2021-06-10 12:00:00,1.0,7.0,607.78,0.0,1.0,1.0,607.99,0.0,607.8701,608.4,607.43,607.77,106107.0,2966.0,607.885
2021-06-10 12:05:00,1.0,1.0,607.61,0.0,1.0,43.0,607.84,0.0,608.0,608.1999,606.59,607.41,151567.0,4123.0,607.725
2021-06-10 12:10:00,1.0,68.0,607.37,0.0,16.0,1.0,607.5,0.0,607.435,607.77,606.73,607.0226,71186.0,2753.0,607.435
2021-06-10 12:15:00,1.0,68.0,607.07,0.0,1.0,1.0,607.2,0.0,607.04,608.35,607.0391,608.19,88452.0,2690.0,607.135
2021-06-10 12:20:00,1.0,7.0,608.14,0.0,1.0,43.0,608.27,0.0,608.14,609.4,608.01,609.22,139502.0,3712.0,608.2049999999999
2021-06-10 12:25:00,1.0,64.0,609.13,0.0,1.0,65.0,609.26,0.0,609.221,609.47,608.2501,608.66,125909.0,3199.0,609.1949999999999
2021-06-10 12:30:00,1.0,7.0,608.69,0.0,2.0,60.0,608.83,0.0,608.81,609.91,608.57,609.7446,91882.0,3141.0,608.76
2021-06-10 12:35:00,1.0,7.0,609.74,0.0,8.0,60.0,609.87,0.0,609.87,612.07,609.4701,611.2934,421635.0,9489.0,609.8050000000001
2021-06-10 12:40:00,1.0,1.0,611.23,0.0,2.0,43.0,611.4,0.0,611.23,611.5,609.9,610.38,327036.0,5493.0,611.315
2021-06-10 12:45:00,1.0,7.0,610.32,0.0,2.0,43.0,610.5,0.0,610.34,613.62,610.1,613.31,345648.0,7628.0,610.4100000000001
2021-06-10 12:50:00,2.0,43.0,613.13,0.0,1.0,60.0,613.36,0.0,613.2973,614.8999,612.01,614.3,473786.0,8642.0,613.245
2021-06-10 12:55:00,1.0,1.0,614.21,0.0,1.0,43.0,614.4,0.0,614.305,614.9999,612.69,612.89,356790.0,6592.0,614.3050000000001
2021-06-10 13:00:00,1.0,64.0,612.76,0.0,2.0,1.0,612.92,0.0,612.9199,613.4669,612.48,612.9497,216309.0,5117.0,612.8399999999999
2021-06-10 13:05:00,2.0,1.0,612.8,0.0,2.0,1.0,612.95,0.0,613.0,614.0199,611.8313,612.0,367649.0,6858.0,612.875
2021-06-10 13:10:00,1.0,1.0,611.96,0.0,1.0,68.0,612.11,0.0,612.17,612.65,611.358,611.38,178711.0,4163.0,612.0350000000001
2021-06-10 13:15:00,1.0,11.0,611.27,0.0,10.0,73.0,611.43,0.0,611.35,614.0,610.591,613.45,414981.0,8491.0,611.3499999999999
2021-06-10 13:20:00,1.0,60.0,613.35,0.0,1.0,1.0,613.45,0.0,613.447,615.52,613.4001,614.91,509161.0,10548.0,613.4000000000001
2021-06-10 13:25:00,2.0,1.0,614.8,0.0,5.0,1.0,614.98,0.0,614.89,616.23,613.46,613.7899,392272.0,7770.0,614.89
2021-06-10 13:30:00,1.0,1.0,613.68,0.0,1.0,1.0,613.79,0.0,613.79,614.218,612.61,613.825,207401.0,4236.0,613.7349999999999
2021-06-10 13:35:00,2.0,1.0,613.77,0.0,1.0,65.0,613.96,0.0,613.79,614.15,612.96,614.0,147929.0,3478.0,613.865
2021-06-10 13:40:00,1.0,1.0,613.91,0.0,1.0,43.0,614.14,0.0,614.0,615.26,613.87,614.115,244641.0,5608.0,614.025
2021-06-10 13:45:00,2.0,43.0,614.0,0.0,1.0,3.0,614.23,0.0,614.23,615.03,613.8701,614.55,231357.0,3932.0,614.115
2021-06-10 13:50:00,1.0,7.0,614.46,0.0,1.0,60.0,614.58,0.0,614.46,615.99,614.2,615.287,483216.0,7527.0,614.52
2021-06-10 13:55:00,7.0,1.0,615.13,0.0,28.0,1.0,615.3,0.0,615.3,616.59,615.11,615.171,380726.0,6810.0,615.2149999999999
2021-06-10 14:00:00,1.0,1.0,615.11,0.0,2.0,43.0,615.29,0.0,615.205,615.388,614.38,614.84,163521.0,4174.0,615.2
2021-06-10 14:05:00,1.0,65.0,614.74,0.0,1.0,43.0,614.92,0.0,614.84,615.13,613.11,613.8,181529.0,4173.0,614.8299999999999
2021-06-10 14:10:00,3.0,60.0,613.65,0.0,2.0,43.0,613.84,0.0,613.8,613.8,612.2,613.0,157307.0,4021.0,613.745
2021-06-10 14:15:00,1.0,1.0,612.84,0.0,1.0,11.0,613.02,0.0,613.02,613.6799,612.25,612.57,137930.0,3394.0,612.9300000000001
2021-06-10 14:20:00,1.0,7.0,612.4,0.0,1.0,43.0,612.61,0.0,612.4,612.62,611.42,611.57,146157.0,3575.0,612.505
2021-06-10 14:25:00,1.0,1.0,611.51,0.0,1.0,43.0,611.69,0.0,611.52,612.5,611.0,611.28,152027.0,3262.0,611.6
2021-06-10 14:30:00,1.0,7.0,611.25,0.0,2.0,65.0,611.39,0.0,611.39,612.8595,611.3298,612.525,170038.0,3729.0,611.3199999999999
2021-06-10 14:35:00,1.0,65.0,612.48,0.0,5.0,1.0,612.57,0.0,612.46,613.145,612.0,612.83,125540.0,3071.0,612.5250000000001
2021-06-10 14:40:00,1.0,1.0,612.8,0.0,1.0,43.0,613.01,0.0,612.81,613.11,612.0,612.5662,143175.0,3343.0,612.905
2021-06-10 14:45:00,1.0,7.0,612.52,0.0,1.0,1.0,612.69,0.0,612.51,612.55,611.65,611.9,146658.0,3304.0,612.605
2021-06-10 14:50:00,1.0,43.0,611.82,0.0,1.0,1.0,611.97,0.0,611.9614,613.37,611.95,613.0716,181794.0,3474.0,611.895
2021-06-10 14:55:00,1.0,43.0,612.91,0.0,1.0,7.0,613.09,0.0,612.92,613.15,612.1971,612.3301,121294.0,3319.0,613.0
2021-06-10 15:00:00,1.0,65.0,612.32,0.0,2.0,43.0,612.5,0.0,612.49,612.56,609.57,609.57,261825.0,5952.0,612.4100000000001
2021-06-10 15:05:00,3.0,1.0,609.56,0.0,1.0,1.0,609.6,0.0,609.58,610.47,609.26,610.37,204336.0,4568.0,609.5799999999999
2021-06-10 15:10:00,2.0,60.0,610.2,0.0,2.0,60.0,610.4,0.0,610.315,610.4,608.59,609.3,212031.0,4634.0,610.3
2021-06-10 15:15:00,2.0,60.0,609.17,0.0,1.0,64.0,609.3,0.0,609.395,610.007,608.29,609.5,199808.0,4407.0,609.2349999999999
2021-06-10 15:20:00,2.0,8.0,609.5,0.0,2.0,7.0,609.59,0.0,609.59,609.89,608.26,609.73,193166.0,4709.0,609.5450000000001
2021-06-10 15:25:00,1.0,43.0,609.47,0.0,1.0,43.0,609.78,0.0,609.6364,610.22,607.8,608.91,237273.0,5199.0,609.625
2021-06-10 15:30:00,2.0,43.0,608.9,0.0,1.0,68.0,609.03,0.0,608.965,609.85,608.061,608.67,208019.0,4474.0,608.9649999999999
2021-06-10 15:35:00,2.0,68.0,608.6,0.0,1.0,65.0,608.81,0.0,608.87,609.7999,608.63,609.5,149797.0,3782.0,608.7049999999999
2021-06-10 15:40:00,1.0,1.0,609.33,0.0,1.0,43.0,609.5,0.0,609.415,609.75,608.7215,609.09,148219.0,3474.0,609.415
2021-06-10 15:45:00,1.0,68.0,609.05,0.0,1.0,1.0,609.16,0.0,609.1477,609.7399,608.5,608.66,178375.0,4156.0,609.105
2021-06-10 15:50:00,1.0,1.0,608.6,0.0,1.0,68.0,608.69,0.0,608.9,610.29,608.9,610.015,238018.0,5777.0,608.645
2021-06-10 15:55:00,2.0,1.0,609.96,0.0,7.0,60.0,610.14,0.0,610.0159,610.3,609.5,610.12,411178.0,9829.0,610.05
2021-06-11 09:30:00,5.0,7.0,610.0,0.0,1.0,65.0,610.35,0.0,610.23,610.9561,605.46,605.5701,677227.0,14733.0,610.175
2021-06-11 09:35:00,4.0,1.0,605.4,0.0,1.0,1.0,605.8,0.0,605.52,607.13,604.0,604.61,430871.0,11439.0,605.5999999999999
2021-06-11 09:40:00,1.0,68.0,604.27,0.0,1.0,43.0,604.69,0.0,604.3106,606.8999,604.13,606.29,317326.0,8230.0,604.48
2021-06-11 09:45:00,1.0,3.0,605.86,0.0,1.0,68.0,606.13,0.0,605.86,607.44,603.0,603.5,407104.0,10672.0,605.995
2021-06-11 09:50:00,3.0,65.0,603.5,0.0,1.0,68.0,603.71,0.0,603.5,604.5,601.52,603.115,490154.0,11539.0,603.605
2021-06-11 09:55:00,1.0,68.0,603.09,0.0,1.0,65.0,603.33,0.0,603.264,604.9,601.99,604.72,345528.0,8157.0,603.21
2021-06-11 10:00:00,2.0,60.0,604.61,0.0,2.0,60.0,604.72,0.0,604.57,605.3899,603.0,603.5,264483.0,7149.0,604.665
2021-06-11 10:05:00,1.0,43.0,603.26,0.0,1.0,68.0,603.58,0.0,603.24,605.72,602.5001,603.8303,264215.0,6059.0,603.4200000000001
2021-06-11 10:10:00,1.0,43.0,603.72,0.0,1.0,1.0,603.98,0.0,603.835,604.7428,603.5,604.1796,169454.0,4564.0,603.85
2021-06-11 10:15:00,1.0,60.0,604.04,0.0,1.0,60.0,604.3,0.0,604.29,604.8567,602.55,604.5374,261632.0,6092.0,604.17
2021-06-11 10:20:00,1.0,43.0,604.44,0.0,1.0,68.0,604.6,0.0,604.6,606.37,604.589,605.8552,339026.0,6821.0,604.52
2021-06-11 10:25:00,1.0,1.0,605.66,0.0,1.0,7.0,605.87,0.0,605.8199,607.3,604.5334,606.71,355674.0,6674.0,605.765
2021-06-11 10:30:00,1.0,60.0,606.63,0.0,1.0,73.0,606.73,0.0,606.71,607.76,606.3417,607.065,268553.0,5391.0,606.6800000000001
2021-06-11 10:35:00,2.0,1.0,606.93,0.0,30.0,65.0,607.2,0.0,607.065,607.21,605.66,605.92,196539.0,5020.0,607.065
2021-06-11 10:40:00,2.0,43.0,605.92,0.0,1.0,68.0,606.15,0.0,606.055,606.85,605.13,605.5,142080.0,4046.0,606.035
2021-06-11 10:45:00,2.0,1.0,605.5,0.0,2.0,43.0,605.76,0.0,605.54,605.655,603.81,604.3873,187194.0,4978.0,605.63
2021-06-11 10:50:00,2.0,1.0,604.45,0.0,1.0,65.0,604.64,0.0,604.62,605.23,604.17,604.56,159608.0,4186.0,604.5450000000001
2021-06-11 10:55:00,3.0,7.0,604.55,0.0,1.0,64.0,604.66,0.0,604.42,604.5295,603.36,604.29,170070.0,4338.0,604.605
2021-06-11 11:00:00,3.0,1.0,604.14,0.0,3.0,65.0,604.31,0.0,604.235,604.3777,602.06,602.54,182816.0,5002.0,604.2249999999999
2021-06-11 11:05:00,2.0,1.0,602.46,0.0,1.0,68.0,602.6,0.0,602.535,603.49,601.6,603.2908,299245.0,7034.0,602.53
2021-06-11 11:10:00,1.0,7.0,603.26,0.0,4.0,1.0,603.4,0.0,603.335,604.29,603.02,603.2928,175171.0,4385.0,603.3299999999999
2021-06-11 11:15:00,1.0,43.0,603.23,0.0,1.0,1.0,603.52,0.0,603.12,604.58,603.0014,604.0903,144388.0,3388.0,603.375
2021-06-11 11:20:00,1.0,3.0,604.01,0.0,2.0,65.0,604.16,0.0,604.085,605.79,603.9001,605.29,208503.0,4708.0,604.085
2021-06-11 11:25:00,1.0,60.0,605.23,0.0,3.0,1.0,605.35,0.0,605.35,606.0,604.62,605.58,150281.0,3956.0,605.29
2021-06-11 11:30:00,3.0,1.0,605.46,0.0,3.0,1.0,605.71,0.0,605.625,605.9773,604.97,605.42,99240.0,2818.0,605.585
2021-06-11 11:35:00,3.0,1.0,605.38,0.0,1.0,43.0,605.54,0.0,605.48,606.25,605.48,606.25,140796.0,3663.0,605.46
2021-06-11 11:40:00,1.0,43.0,606.12,0.0,1.0,7.0,606.27,0.0,606.25,606.7,604.57,604.79,198824.0,4672.0,606.1949999999999
2021-06-11 11:45:00,2.0,1.0,604.62,0.0,1.0,43.0,604.81,0.0,604.721,605.203,604.4,604.895,104955.0,3055.0,604.7149999999999
2021-06-11 11:50:00,1.0,7.0,604.81,0.0,2.0,1.0,605.0,0.0,605.15,605.3299,603.88,604.275,96839.0,3281.0,604.905
2021-06-11 11:55:00,2.0,1.0,604.14,0.0,1.0,1.0,604.34,0.0,604.3099,605.64,604.2378,605.58,82387.0,2588.0,604.24
2021-06-11 12:00:00,1.0,1.0,605.39,0.0,1.0,43.0,605.65,0.0,605.6499,606.38,604.5801,606.1369,131982.0,3418.0,605.52
2021-06-11 12:05:00,5.0,65.0,606.1,0.0,1.0,1.0,606.22,0.0,606.1,609.35,606.1,608.7958,458941.0,9046.0,606.1600000000001
2021-06-11 12:10:00,1.0,43.0,608.7,0.0,2.0,43.0,608.9,0.0,608.815,609.99,608.4,609.9588,316489.0,6262.0,608.8
2021-06-11 12:15:00,1.0,65.0,609.88,0.0,1.0,65.0,609.97,0.0,609.935,610.5675,608.74,608.98,313065.0,6098.0,609.925
2021-06-11 12:20:00,1.0,1.0,608.8,0.0,1.0,3.0,608.99,0.0,608.99,610.635,608.82,609.6,230634.0,4537.0,608.895
2021-06-11 12:25:00,2.0,1.0,609.59,0.0,1.0,3.0,609.74,0.0,609.75,610.0892,608.23,608.5876,220204.0,4399.0,609.665
2021-06-11 12:30:00,1.0,1.0,608.48,0.0,1.0,3.0,608.67,0.0,608.5225,609.98,608.5225,609.57,146468.0,3596.0,608.575
2021-06-11 12:35:00,10.0,7.0,609.57,0.0,1.0,65.0,609.68,0.0,609.6799,611.43,609.57,610.15,378183.0,6570.0,609.625
2021-06-11 12:40:00,1.0,7.0,610.01,0.0,2.0,65.0,610.15,0.0,610.1348,610.2355,608.93,609.22,130545.0,3278.0,610.0799999999999
2021-06-11 12:45:00,2.0,43.0,609.23,0.0,1.0,3.0,609.43,0.0,609.42,610.15,609.09,609.405,106972.0,2488.0,609.3299999999999
2021-06-11 12:50:00,1.0,68.0,609.34,0.0,2.0,1.0,609.47,0.0,609.34,610.12,608.5,609.09,154656.0,3610.0,609.405
2021-06-11 12:55:00,1.0,1.0,608.98,0.0,1.0,11.0,609.14,0.0,609.02,610.865,609.02,610.6142,152645.0,3018.0,609.06
2021-06-11 13:00:00,1.0,1.0,610.52,0.0,1.0,60.0,610.67,0.0,610.53,611.0764,609.11,609.74,199542.0,4289.0,610.595
2021-06-11 13:05:00,1.0,7.0,609.73,0.0,1.0,3.0,609.96,0.0,609.92,610.56,609.83,610.13,81702.0,2337.0,609.845
2021-06-11 13:10:00,1.0,7.0,610.11,0.0,1.0,68.0,610.22,0.0,610.21,611.33,610.0685,611.03,147032.0,3394.0,610.165
2021-06-11 13:15:00,1.0,60.0,610.96,0.0,1.0,43.0,611.1,0.0,611.1,612.4,610.5,612.39,223179.0,4625.0,611.03
2021-06-11 13:20:00,1.0,1.0,612.24,0.0,2.0,43.0,612.39,0.0,612.308,612.56,611.5,611.66,168198.0,3640.0,612.315
2021-06-11 13:25:00,1.0,73.0,611.65,0.0,1.0,7.0,611.77,0.0,611.65,612.46,611.65,611.84,121405.0,3091.0,611.71
2021-06-11 13:30:00,1.0,43.0,611.73,0.0,1.0,68.0,611.95,0.0,611.77,612.11,611.1501,611.21,94377.0,2722.0,611.84
2021-06-11 13:35:00,1.0,43.0,611.2,0.0,1.0,63.0,611.37,0.0,611.26,611.5,610.3,610.7,122915.0,2970.0,611.2850000000001
2021-06-11 13:40:00,2.0,1.0,610.63,0.0,1.0,1.0,610.74,0.0,610.65,611.49,610.5,611.415,79471.0,2412.0,610.685
2021-06-11 13:45:00,1.0,65.0,611.34,0.0,2.0,65.0,611.49,0.0,611.5,612.1999,611.35,611.4147,140700.0,3328.0,611.415
2021-06-11 13:50:00,1.0,11.0,611.26,0.0,1.0,43.0,611.43,0.0,611.3556,611.68,610.74,611.18,81475.0,2263.0,611.345
2021-06-11 13:55:00,1.0,3.0,611.09,0.0,1.0,60.0,611.29,0.0,611.18,611.8399,611.02,611.115,141112.0,2669.0,611.19
2021-06-11 14:00:00,3.0,60.0,611.08,0.0,1.0,4.0,611.19,0.0,611.088,611.315,610.62,610.6266,62797.0,2188.0,611.135
2021-06-11 14:05:00,1.0,7.0,610.65,0.0,1.0,43.0,610.82,0.0,610.84,611.1884,609.6206,609.8,127984.0,3527.0,610.735
2021-06-11 14:10:00,1.0,60.0,609.74,0.0,1.0,1.0,609.85,0.0,609.795,610.154,609.6101,609.99,61349.0,1951.0,609.7950000000001
2021-06-11 14:15:00,1.0,43.0,609.9,0.0,1.0,43.0,610.08,0.0,609.95,610.4,609.6801,610.188,68238.0,2345.0,609.99
2021-06-11 14:20:00,1.0,65.0,610.09,0.0,2.0,43.0,610.26,0.0,610.205,610.5,609.0701,609.42,99628.0,2704.0,610.175
2021-06-11 14:25:00,1.0,7.0,609.38,0.0,5.0,1.0,609.5,0.0,609.5,610.09,609.4,609.48,66207.0,2275.0,609.44
2021-06-11 14:30:00,1.0,68.0,609.5,0.0,1.0,65.0,609.62,0.0,609.61,610.1,609.15,609.65,74525.0,2228.0,609.56
2021-06-11 14:35:00,2.0,1.0,609.57,0.0,1.0,64.0,609.74,0.0,609.63,610.68,609.53,609.83,146782.0,3993.0,609.655
2021-06-11 14:40:00,2.0,43.0,609.75,0.0,2.0,43.0,609.95,0.0,609.7545,610.29,609.3501,610.11,83393.0,2373.0,609.85
2021-06-11 14:45:00,1.0,1.0,609.97,0.0,1.0,4.0,610.13,0.0,610.1051,610.1051,609.3,609.61,82389.0,2440.0,610.05
2021-06-11 14:50:00,1.0,11.0,609.5,0.0,2.0,60.0,609.61,0.0,609.601,609.63,608.5,608.625,110362.0,3228.0,609.5550000000001
2021-06-11 14:55:00,1.0,60.0,608.58,0.0,2.0,1.0,608.67,0.0,608.67,608.99,608.1,608.2391,116383.0,3002.0,608.625
2021-06-11 15:00:00,1.0,1.0,608.23,0.0,1.0,9.0,608.36,0.0,608.23,608.4,607.25,607.39,152232.0,3192.0,608.2950000000001
2021-06-11 15:05:00,1.0,1.0,607.34,0.0,1.0,1.0,607.47,0.0,607.435,607.5,606.79,607.35,191767.0,4228.0,607.405
2021-06-11 15:10:00,1.0,43.0,607.33,0.0,1.0,3.0,607.46,0.0,607.45,607.5,606.52,606.57,144498.0,3403.0,607.395
2021-06-11 15:15:00,1.0,63.0,606.53,0.0,2.0,43.0,606.67,0.0,606.61,608.34,606.5,607.93,170873.0,4185.0,606.5999999999999
2021-06-11 15:20:00,1.0,60.0,607.86,0.0,1.0,7.0,607.98,0.0,608.0,608.3859,607.34,607.6451,146285.0,4061.0,607.9200000000001
2021-06-11 15:25:00,1.0,60.0,607.62,0.0,2.0,1.0,607.7,0.0,607.659,608.34,607.4,607.93,123481.0,3302.0,607.6600000000001
2021-06-11 15:30:00,1.0,3.0,607.88,0.0,1.0,1.0,608.0,0.0,608.0,608.14,607.17,607.7014,78096.0,2537.0,607.94
2021-06-11 15:35:00,1.0,7.0,607.7,0.0,1.0,43.0,607.84,0.0,607.78,608.06,607.54,607.6,113722.0,3739.0,607.77
2021-06-11 15:40:00,1.0,1.0,607.51,0.0,1.0,3.0,607.64,0.0,607.5517,607.73,605.23,605.641,288153.0,6904.0,607.575
2021-06-11 15:45:00,2.0,43.0,605.55,0.0,1.0,68.0,605.68,0.0,605.58,607.25,605.45,607.25,234410.0,5413.0,605.615
2021-06-11 15:50:00,15.0,65.0,607.15,0.0,1.0,1.0,607.25,0.0,607.25,610.1499,607.25,609.8,422312.0,8769.0,607.2
2021-06-11 15:55:00,1.0,1.0,609.75,0.0,2.0,65.0,609.97,0.0,609.905,609.95,609.31,609.89,374874.0,8104.0,609.86
