open,high,low,close,volume,count,datetime
0.0,0.0,0.0,0.0,0.0,0.0,2021-01-25 09:30:00
74.25,74.25,74.25,74.25,1.0,1.0,2021-01-25 09:35:00
0.0,0.0,0.0,0.0,0.0,0.0,2021-01-25 09:40:00
80.97,81.98,80.97,81.98,2.0,2.0,2021-01-25 09:45:00
0.0,0.0,0.0,0.0,0.0,0.0,2021-01-25 09:50:00
0.0,0.0,0.0,0.0,0.0,0.0,2021-01-25 09:55:00
0.0,0.0,0.0,0.0,0.0,0.0,2021-01-25 10:00:00
0.0,0.0,0.0,0.0,0.0,0.0,2021-01-25 10:05:00
91.22,91.22,90.99,90.99,3.0,2.0,2021-01-25 10:10:00
0.0,0.0,0.0,0.0,0.0,0.0,2021-01-25 10:15:00
0.0,0.0,0.0,0.0,0.0,0.0,2021-01-25 10:20:00
0.0,0.0,0.0,0.0,0.0,0.0,2021-01-25 10:25:00
0.0,0.0,0.0,0.0,0.0,0.0,2021-01-25 10:30:00
0.0,0.0,0.0,0.0,0.0,0.0,2021-01-25 10:35:00
85.59,85.59,85.59,85.59,10.0,3.0,2021-01-25 10:40:00
0.0,0.0,0.0,0.0,0.0,0.0,2021-01-25 10:45:00
0.0,0.0,0.0,0.0,0.0,0.0,2021-01-25 10:50:00
0.0,0.0,0.0,0.0,0.0,0.0,2021-01-25 10:55:00
0.0,0.0,0.0,0.0,0.0,0.0,2021-01-25 11:00:00
0.0,0.0,0.0,0.0,0.0,0.0,2021-01-25 11:05:00
0.0,0.0,0.0,0.0,0.0,0.0,2021-01-25 11:10:00
0.0,0.0,0.0,0.0,0.0,0.0,2021-01-25 11:15:00
0.0,0.0,0.0,0.0,0.0,0.0,2021-01-25 11:20:00
0.0,0.0,0.0,0.0,0.0,0.0,2021-01-25 11:25:00
83.25,83.25,83.25,83.25,5.0,3.0,2021-01-25 11:30:00
83.33,83.33,82.82,82.82,9.0,3.0,2021-01-25 11:35:00
82.76,84.19,82.76,84.19,5.0,2.0,2021-01-25 11:40:00
84.3,84.3,84.3,84.3,1.0,1.0,2021-01-25 11:45:00
0.0,0.0,0.0,0.0,0.0,0.0,2021-01-25 11:50:00
84.0,84.0,84.0,84.0,1.0,1.0,2021-01-25 11:55:00
84.1,84.1,84.1,84.1,1.0,1.0,2021-01-25 12:00:00
85.13,85.13,85.13,85.13,2.0,2.0,2021-01-25 12:05:00
79.95,79.95,79.95,79.95,3.0,1.0,2021-01-25 12:10:00
79.47,79.47,79.47,79.47,2.0,1.0,2021-01-25 12:15:00
0.0,0.0,0.0,0.0,0.0,0.0,2021-01-25 12:20:00
0.0,0.0,0.0,0.0,0.0,0.0,2021-01-25 12:25:00
0.0,0.0,0.0,0.0,0.0,0.0,2021-01-25 12:30:00
0.0,0.0,0.0,0.0,0.0,0.0,2021-01-25 12:35:00
0.0,0.0,0.0,0.0,0.0,0.0,2021-01-25 12:40:00
0.0,0.0,0.0,0.0,0.0,0.0,2021-01-25 12:45:00
0.0,0.0,0.0,0.0,0.0,0.0,2021-01-25 12:50:00
83.85,83.85,83.85,83.85,1.0,1.0,2021-01-25 12:55:00
0.0,0.0,0.0,0.0,0.0,0.0,2021-01-25 13:00:00
0.0,0.0,0.0,0.0,0.0,0.0,2021-01-25 13:05:00
0.0,0.0,0.0,0.0,0.0,0.0,2021-01-25 13:10:00
0.0,0.0,0.0,0.0,0.0,0.0,2021-01-25 13:15:00
0.0,0.0,0.0,0.0,0.0,0.0,2021-01-25 13:20:00
0.0,0.0,0.0,0.0,0.0,0.0,2021-01-25 13:25:00
0.0,0.0,0.0,0.0,0.0,0.0,2021-01-25 13:30:00
81.81,81.81,81.81,81.81,1.0,1.0,2021-01-25 13:35:00
0.0,0.0,0.0,0.0,0.0,0.0,2021-01-25 13:40:00
0.0,0.0,0.0,0.0,0.0,0.0,2021-01-25 13:45:00
0.0,0.0,0.0,0.0,0.0,0.0,2021-01-25 13:50:00
0.0,0.0,0.0,0.0,0.0,0.0,2021-01-25 13:55:00
0.0,0.0,0.0,0.0,0.0,0.0,2021-01-25 14:00:00
0.0,0.0,0.0,0.0,0.0,0.0,2021-01-25 14:05:00
81.75,81.75,80.87,80.87,2.0,2.0,2021-01-25 14:10:00
0.0,0.0,0.0,0.0,0.0,0.0,2021-01-25 14:15:00
82.2,82.2,82.2,82.2,1.0,1.0,2021-01-25 14:20:00
0.0,0.0,0.0,0.0,0.0,0.0,2021-01-25 14:25:00
83.25,83.25,81.75,81.75,3.0,3.0,2021-01-25 14:30:00
0.0,0.0,0.0,0.0,0.0,0.0,2021-01-25 14:35:00
0.0,0.0,0.0,0.0,0.0,0.0,2021-01-25 14:40:00
0.0,0.0,0.0,0.0,0.0,0.0,2021-01-25 14:45:00
0.0,0.0,0.0,0.0,0.0,0.0,2021-01-25 14:50:00
0.0,0.0,0.0,0.0,0.0,0.0,2021-01-25 14:55:00
0.0,0.0,0.0,0.0,0.0,0.0,2021-01-25 15:00:00
0.0,0.0,0.0,0.0,0.0,0.0,2021-01-25 15:05:00
0.0,0.0,0.0,0.0,0.0,0.0,2021-01-25 15:10:00
0.0,0.0,0.0,0.0,0.0,0.0,2021-01-25 15:15:00
0.0,0.0,0.0,0.0,0.0,0.0,2021-01-25 15:20:00
0.0,0.0,0.0,0.0,0.0,0.0,2021-01-25 15:25:00
0.0,0.0,0.0,0.0,0.0,0.0,2021-01-25 15:30:00
0.0,0.0,0.0,0.0,0.0,0.0,2021-01-25 15:35:00
83.55,84.25,83.55,84.25,2.0,2.0,2021-01-25 15:40:00
0.0,0.0,0.0,0.0,0.0,0.0,2021-01-25 15:45:00
85.63,85.63,85.63,85.63,1.0,1.0,2021-01-25 15:50:00
0.0,0.0,0.0,0.0,0.0,0.0,2021-01-25 15:55:00
96.05,96.05,96.05,96.05,1.0,1.0,2021-01-26 09:30:00
0.0,0.0,0.0,0.0,0.0,0.0,2021-01-26 09:35:00
90.5,90.5,90.5,90.5,1.0,1.0,2021-01-26 09:40:00
0.0,0.0,0.0,0.0,0.0,0.0,2021-01-26 09:45:00
89.65,89.65,89.65,89.65,5.0,1.0,2021-01-26 09:50:00
90.39,90.39,90.39,90.39,1.0,1.0,2021-01-26 09:55:00
0.0,0.0,0.0,0.0,0.0,0.0,2021-01-26 10:00:00
0.0,0.0,0.0,0.0,0.0,0.0,2021-01-26 10:05:00
86.5,86.5,86.5,86.5,1.0,1.0,2021-01-26 10:10:00
0.0,0.0,0.0,0.0,0.0,0.0,2021-01-26 10:15:00
83.6,83.6,83.6,83.6,2.0,1.0,2021-01-26 10:20:00
0.0,0.0,0.0,0.0,0.0,0.0,2021-01-26 10:25:00
0.0,0.0,0.0,0.0,0.0,0.0,2021-01-26 10:30:00
0.0,0.0,0.0,0.0,0.0,0.0,2021-01-26 10:35:00
0.0,0.0,0.0,0.0,0.0,0.0,2021-01-26 10:40:00
0.0,0.0,0.0,0.0,0.0,0.0,2021-01-26 10:45:00
0.0,0.0,0.0,0.0,0.0,0.0,2021-01-26 10:50:00
0.0,0.0,0.0,0.0,0.0,0.0,2021-01-26 10:55:00
0.0,0.0,0.0,0.0,0.0,0.0,2021-01-26 11:00:00
0.0,0.0,0.0,0.0,0.0,0.0,2021-01-26 11:05:00
0.0,0.0,0.0,0.0,0.0,0.0,2021-01-26 11:10:00
0.0,0.0,0.0,0.0,0.0,0.0,2021-01-26 11:15:00
0.0,0.0,0.0,0.0,0.0,0.0,2021-01-26 11:20:00
0.0,0.0,0.0,0.0,0.0,0.0,2021-01-26 11:25:00
0.0,0.0,0.0,0.0,0.0,0.0,2021-01-26 11:30:00
0.0,0.0,0.0,0.0,0.0,0.0,2021-01-26 11:35:00
0.0,0.0,0.0,0.0,0.0,0.0,2021-01-26 11:40:00
0.0,0.0,0.0,0.0,0.0,0.0,2021-01-26 11:45:00
0.0,0.0,0.0,0.0,0.0,0.0,2021-01-26 11:50:00
0.0,0.0,0.0,0.0,0.0,0.0,2021-01-26 11:55:00
0.0,0.0,0.0,0.0,0.0,0.0,2021-01-26 12:00:00
0.0,0.0,0.0,0.0,0.0,0.0,2021-01-26 12:05:00
0.0,0.0,0.0,0.0,0.0,0.0,2021-01-26 12:10:00
0.0,0.0,0.0,0.0,0.0,0.0,2021-01-26 12:15:00
0.0,0.0,0.0,0.0,0.0,0.0,2021-01-26 12:20:00
0.0,0.0,0.0,0.0,0.0,0.0,2021-01-26 12:25:00
0.0,0.0,0.0,0.0,0.0,0.0,2021-01-26 12:30:00
0.0,0.0,0.0,0.0,0.0,0.0,2021-01-26 12:35:00
0.0,0.0,0.0,0.0,0.0,0.0,2021-01-26 12:40:00
0.0,0.0,0.0,0.0,0.0,0.0,2021-01-26 12:45:00
0.0,0.0,0.0,0.0,0.0,0.0,2021-01-26 12:50:00
0.0,0.0,0.0,0.0,0.0,0.0,2021-01-26 12:55:00
0.0,0.0,0.0,0.0,0.0,0.0,2021-01-26 13:00:00
0.0,0.0,0.0,0.0,0.0,0.0,2021-01-26 13:05:00
0.0,0.0,0.0,0.0,0.0,0.0,2021-01-26 13:10:00
0.0,0.0,0.0,0.0,0.0,0.0,2021-01-26 13:15:00
0.0,0.0,0.0,0.0,0.0,0.0,2021-01-26 13:20:00
0.0,0.0,0.0,0.0,0.0,0.0,2021-01-26 13:25:00
0.0,0.0,0.0,0.0,0.0,0.0,2021-01-26 13:30:00
0.0,0.0,0.0,0.0,0.0,0.0,2021-01-26 13:35:00
0.0,0.0,0.0,0.0,0.0,0.0,2021-01-26 13:40:00
0.0,0.0,0.0,0.0,0.0,0.0,2021-01-26 13:45:00
0.0,0.0,0.0,0.0,0.0,0.0,2021-01-26 13:50:00
0.0,0.0,0.0,0.0,0.0,0.0,2021-01-26 13:55:00
0.0,0.0,0.0,0.0,0.0,0.0,2021-01-26 14:00:00
89.51,89.51,89.51,89.51,1.0,1.0,2021-01-26 14:05:00
89.58,89.58,89.58,89.58,1.0,1.0,2021-01-26 14:10:00
0.0,0.0,0.0,0.0,0.0,0.0,2021-01-26 14:15:00
0.0,0.0,0.0,0.0,0.0,0.0,2021-01-26 14:20:00
0.0,0.0,0.0,0.0,0.0,0.0,2021-01-26 14:25:00
0.0,0.0,0.0,0.0,0.0,0.0,2021-01-26 14:30:00
0.0,0.0,0.0,0.0,0.0,0.0,2021-01-26 14:35:00
0.0,0.0,0.0,0.0,0.0,0.0,2021-01-26 14:40:00
0.0,0.0,0.0,0.0,0.0,0.0,2021-01-26 14:45:00
0.0,0.0,0.0,0.0,0.0,0.0,2021-01-26 14:50:00
89.5,89.5,89.5,89.5,1.0,1.0,2021-01-26 14:55:00
0.0,0.0,0.0,0.0,0.0,0.0,2021-01-26 15:00:00
0.0,0.0,0.0,0.0,0.0,0.0,2021-01-26 15:05:00
0.0,0.0,0.0,0.0,0.0,0.0,2021-01-26 15:10:00
0.0,0.0,0.0,0.0,0.0,0.0,2021-01-26 15:15:00
0.0,0.0,0.0,0.0,0.0,0.0,2021-01-26 15:20:00
0.0,0.0,0.0,0.0,0.0,0.0,2021-01-26 15:25:00
0.0,0.0,0.0,0.0,0.0,0.0,2021-01-26 15:30:00
0.0,0.0,0.0,0.0,0.0,0.0,2021-01-26 15:35:00
0.0,0.0,0.0,0.0,0.0,0.0,2021-01-26 15:40:00
0.0,0.0,0.0,0.0,0.0,0.0,2021-01-26 15:45:00
0.0,0.0,0.0,0.0,0.0,0.0,2021-01-26 15:50:00
0.0,0.0,0.0,0.0,0.0,0.0,2021-01-26 15:55:00
79.7,79.7,79.7,79.7,2.0,1.0,2021-01-27 09:30:00
0.0,0.0,0.0,0.0,0.0,0.0,2021-01-27 09:35:00
0.0,0.0,0.0,0.0,0.0,0.0,2021-01-27 09:40:00
80.3,80.3,80.3,80.3,1.0,1.0,2021-01-27 09:45:00
76.65,76.65,76.65,76.65,1.0,1.0,2021-01-27 09:50:00
0.0,0.0,0.0,0.0,0.0,0.0,2021-01-27 09:55:00
0.0,0.0,0.0,0.0,0.0,0.0,2021-01-27 10:00:00
84.92,84.92,84.92,84.92,1.0,1.0,2021-01-27 10:05:00
0.0,0.0,0.0,0.0,0.0,0.0,2021-01-27 10:10:00
0.0,0.0,0.0,0.0,0.0,0.0,2021-01-27 10:15:00
0.0,0.0,0.0,0.0,0.0,0.0,2021-01-27 10:20:00
0.0,0.0,0.0,0.0,0.0,0.0,2021-01-27 10:25:00
0.0,0.0,0.0,0.0,0.0,0.0,2021-01-27 10:30:00
88.68,88.68,88.68,88.68,1.0,1.0,2021-01-27 10:35:00
0.0,0.0,0.0,0.0,0.0,0.0,2021-01-27 10:40:00
0.0,0.0,0.0,0.0,0.0,0.0,2021-01-27 10:45:00
0.0,0.0,0.0,0.0,0.0,0.0,2021-01-27 10:50:00
0.0,0.0,0.0,0.0,0.0,0.0,2021-01-27 10:55:00
0.0,0.0,0.0,0.0,0.0,0.0,2021-01-27 11:00:00
0.0,0.0,0.0,0.0,0.0,0.0,2021-01-27 11:05:00
0.0,0.0,0.0,0.0,0.0,0.0,2021-01-27 11:10:00
0.0,0.0,0.0,0.0,0.0,0.0,2021-01-27 11:15:00
0.0,0.0,0.0,0.0,0.0,0.0,2021-01-27 11:20:00
0.0,0.0,0.0,0.0,0.0,0.0,2021-01-27 11:25:00
0.0,0.0,0.0,0.0,0.0,0.0,2021-01-27 11:30:00
0.0,0.0,0.0,0.0,0.0,0.0,2021-01-27 11:35:00
0.0,0.0,0.0,0.0,0.0,0.0,2021-01-27 11:40:00
0.0,0.0,0.0,0.0,0.0,0.0,2021-01-27 11:45:00
0.0,0.0,0.0,0.0,0.0,0.0,2021-01-27 11:50:00
0.0,0.0,0.0,0.0,0.0,0.0,2021-01-27 11:55:00
0.0,0.0,0.0,0.0,0.0,0.0,2021-01-27 12:00:00
0.0,0.0,0.0,0.0,0.0,0.0,2021-01-27 12:05:00
0.0,0.0,0.0,0.0,0.0,0.0,2021-01-27 12:10:00
0.0,0.0,0.0,0.0,0.0,0.0,2021-01-27 12:15:00
0.0,0.0,0.0,0.0,0.0,0.0,2021-01-27 12:20:00
0.0,0.0,0.0,0.0,0.0,0.0,2021-01-27 12:25:00
85.5,85.5,85.5,85.5,1.0,1.0,2021-01-27 12:30:00
0.0,0.0,0.0,0.0,0.0,0.0,2021-01-27 12:35:00
0.0,0.0,0.0,0.0,0.0,0.0,2021-01-27 12:40:00
0.0,0.0,0.0,0.0,0.0,0.0,2021-01-27 12:45:00
0.0,0.0,0.0,0.0,0.0,0.0,2021-01-27 12:50:00
0.0,0.0,0.0,0.0,0.0,0.0,2021-01-27 12:55:00
0.0,0.0,0.0,0.0,0.0,0.0,2021-01-27 13:00:00
0.0,0.0,0.0,0.0,0.0,0.0,2021-01-27 13:05:00
0.0,0.0,0.0,0.0,0.0,0.0,2021-01-27 13:10:00
0.0,0.0,0.0,0.0,0.0,0.0,2021-01-27 13:15:00
0.0,0.0,0.0,0.0,0.0,0.0,2021-01-27 13:20:00
0.0,0.0,0.0,0.0,0.0,0.0,2021-01-27 13:25:00
0.0,0.0,0.0,0.0,0.0,0.0,2021-01-27 13:30:00
0.0,0.0,0.0,0.0,0.0,0.0,2021-01-27 13:35:00
0.0,0.0,0.0,0.0,0.0,0.0,2021-01-27 13:40:00
0.0,0.0,0.0,0.0,0.0,0.0,2021-01-27 13:45:00
0.0,0.0,0.0,0.0,0.0,0.0,2021-01-27 13:50:00
0.0,0.0,0.0,0.0,0.0,0.0,2021-01-27 13:55:00
0.0,0.0,0.0,0.0,0.0,0.0,2021-01-27 14:00:00
0.0,0.0,0.0,0.0,0.0,0.0,2021-01-27 14:05:00
0.0,0.0,0.0,0.0,0.0,0.0,2021-01-27 14:10:00
0.0,0.0,0.0,0.0,0.0,0.0,2021-01-27 14:15:00
0.0,0.0,0.0,0.0,0.0,0.0,2021-01-27 14:20:00
0.0,0.0,0.0,0.0,0.0,0.0,2021-01-27 14:25:00
0.0,0.0,0.0,0.0,0.0,0.0,2021-01-27 14:30:00
83.0,83.0,83.0,83.0,1.0,1.0,2021-01-27 14:35:00
0.0,0.0,0.0,0.0,0.0,0.0,2021-01-27 14:40:00
0.0,0.0,0.0,0.0,0.0,0.0,2021-01-27 14:45:00
80.68,80.68,76.65,76.65,7.0,7.0,2021-01-27 14:50:00
0.0,0.0,0.0,0.0,0.0,0.0,2021-01-27 14:55:00
0.0,0.0,0.0,0.0,0.0,0.0,2021-01-27 15:00:00
81.0,81.0,81.0,81.0,5.0,1.0,2021-01-27 15:05:00
0.0,0.0,0.0,0.0,0.0,0.0,2021-01-27 15:10:00
0.0,0.0,0.0,0.0,0.0,0.0,2021-01-27 15:15:00
79.46,79.46,79.46,79.46,2.0,2.0,2021-01-27 15:20:00
0.0,0.0,0.0,0.0,0.0,0.0,2021-01-27 15:25:00
0.0,0.0,0.0,0.0,0.0,0.0,2021-01-27 15:30:00
0.0,0.0,0.0,0.0,0.0,0.0,2021-01-27 15:35:00
78.87,80.1,78.87,80.1,12.0,3.0,2021-01-27 15:40:00
0.0,0.0,0.0,0.0,0.0,0.0,2021-01-27 15:45:00
0.0,0.0,0.0,0.0,0.0,0.0,2021-01-27 15:50:00
0.0,0.0,0.0,0.0,0.0,0.0,2021-01-27 15:55:00
0.0,0.0,0.0,0.0,0.0,0.0,2021-01-28 09:30:00
0.0,0.0,0.0,0.0,0.0,0.0,2021-01-28 09:35:00
0.0,0.0,0.0,0.0,0.0,0.0,2021-01-28 09:40:00
0.0,0.0,0.0,0.0,0.0,0.0,2021-01-28 09:45:00
0.0,0.0,0.0,0.0,0.0,0.0,2021-01-28 09:50:00
38.4,38.4,38.4,38.4,1.0,1.0,2021-01-28 09:55:00
0.0,0.0,0.0,0.0,0.0,0.0,2021-01-28 10:00:00
0.0,0.0,0.0,0.0,0.0,0.0,2021-01-28 10:05:00
0.0,0.0,0.0,0.0,0.0,0.0,2021-01-28 10:10:00
0.0,0.0,0.0,0.0,0.0,0.0,2021-01-28 10:15:00
0.0,0.0,0.0,0.0,0.0,0.0,2021-01-28 10:20:00
0.0,0.0,0.0,0.0,0.0,0.0,2021-01-28 10:25:00
0.0,0.0,0.0,0.0,0.0,0.0,2021-01-28 10:30:00
0.0,0.0,0.0,0.0,0.0,0.0,2021-01-28 10:35:00
49.34,49.34,49.34,49.34,1.0,1.0,2021-01-28 10:40:00
0.0,0.0,0.0,0.0,0.0,0.0,2021-01-28 10:45:00
0.0,0.0,0.0,0.0,0.0,0.0,2021-01-28 10:50:00
0.0,0.0,0.0,0.0,0.0,0.0,2021-01-28 10:55:00
0.0,0.0,0.0,0.0,0.0,0.0,2021-01-28 11:00:00
0.0,0.0,0.0,0.0,0.0,0.0,2021-01-28 11:05:00
0.0,0.0,0.0,0.0,0.0,0.0,2021-01-28 11:10:00
0.0,0.0,0.0,0.0,0.0,0.0,2021-01-28 11:15:00
0.0,0.0,0.0,0.0,0.0,0.0,2021-01-28 11:20:00
0.0,0.0,0.0,0.0,0.0,0.0,2021-01-28 11:25:00
0.0,0.0,0.0,0.0,0.0,0.0,2021-01-28 11:30:00
0.0,0.0,0.0,0.0,0.0,0.0,2021-01-28 11:35:00
0.0,0.0,0.0,0.0,0.0,0.0,2021-01-28 11:40:00
0.0,0.0,0.0,0.0,0.0,0.0,2021-01-28 11:45:00
0.0,0.0,0.0,0.0,0.0,0.0,2021-01-28 11:50:00
0.0,0.0,0.0,0.0,0.0,0.0,2021-01-28 11:55:00
0.0,0.0,0.0,0.0,0.0,0.0,2021-01-28 12:00:00
0.0,0.0,0.0,0.0,0.0,0.0,2021-01-28 12:05:00
0.0,0.0,0.0,0.0,0.0,0.0,2021-01-28 12:10:00
0.0,0.0,0.0,0.0,0.0,0.0,2021-01-28 12:15:00
0.0,0.0,0.0,0.0,0.0,0.0,2021-01-28 12:20:00
0.0,0.0,0.0,0.0,0.0,0.0,2021-01-28 12:25:00
0.0,0.0,0.0,0.0,0.0,0.0,2021-01-28 12:30:00
0.0,0.0,0.0,0.0,0.0,0.0,2021-01-28 12:35:00
0.0,0.0,0.0,0.0,0.0,0.0,2021-01-28 12:40:00
0.0,0.0,0.0,0.0,0.0,0.0,2021-01-28 12:45:00
0.0,0.0,0.0,0.0,0.0,0.0,2021-01-28 12:50:00
0.0,0.0,0.0,0.0,0.0,0.0,2021-01-28 12:55:00
47.7,47.7,47.7,47.7,10.0,1.0,2021-01-28 13:00:00
0.0,0.0,0.0,0.0,0.0,0.0,2021-01-28 13:05:00
0.0,0.0,0.0,0.0,0.0,0.0,2021-01-28 13:10:00
0.0,0.0,0.0,0.0,0.0,0.0,2021-01-28 13:15:00
0.0,0.0,0.0,0.0,0.0,0.0,2021-01-28 13:20:00
0.0,0.0,0.0,0.0,0.0,0.0,2021-01-28 13:25:00
0.0,0.0,0.0,0.0,0.0,0.0,2021-01-28 13:30:00
0.0,0.0,0.0,0.0,0.0,0.0,2021-01-28 13:35:00
0.0,0.0,0.0,0.0,0.0,0.0,2021-01-28 13:40:00
0.0,0.0,0.0,0.0,0.0,0.0,2021-01-28 13:45:00
0.0,0.0,0.0,0.0,0.0,0.0,2021-01-28 13:50:00
0.0,0.0,0.0,0.0,0.0,0.0,2021-01-28 13:55:00
0.0,0.0,0.0,0.0,0.0,0.0,2021-01-28 14:00:00
0.0,0.0,0.0,0.0,0.0,0.0,2021-01-28 14:05:00
0.0,0.0,0.0,0.0,0.0,0.0,2021-01-28 14:10:00
0.0,0.0,0.0,0.0,0.0,0.0,2021-01-28 14:15:00
0.0,0.0,0.0,0.0,0.0,0.0,2021-01-28 14:20:00
0.0,0.0,0.0,0.0,0.0,0.0,2021-01-28 14:25:00
0.0,0.0,0.0,0.0,0.0,0.0,2021-01-28 14:30:00
0.0,0.0,0.0,0.0,0.0,0.0,2021-01-28 14:35:00
0.0,0.0,0.0,0.0,0.0,0.0,2021-01-28 14:40:00
0.0,0.0,0.0,0.0,0.0,0.0,2021-01-28 14:45:00
0.0,0.0,0.0,0.0,0.0,0.0,2021-01-28 14:50:00
0.0,0.0,0.0,0.0,0.0,0.0,2021-01-28 14:55:00
0.0,0.0,0.0,0.0,0.0,0.0,2021-01-28 15:00:00
0.0,0.0,0.0,0.0,0.0,0.0,2021-01-28 15:05:00
0.0,0.0,0.0,0.0,0.0,0.0,2021-01-28 15:10:00
0.0,0.0,0.0,0.0,0.0,0.0,2021-01-28 15:15:00
0.0,0.0,0.0,0.0,0.0,0.0,2021-01-28 15:20:00
0.0,0.0,0.0,0.0,0.0,0.0,2021-01-28 15:25:00
0.0,0.0,0.0,0.0,0.0,0.0,2021-01-28 15:30:00
0.0,0.0,0.0,0.0,0.0,0.0,2021-01-28 15:35:00
0.0,0.0,0.0,0.0,0.0,0.0,2021-01-28 15:40:00
0.0,0.0,0.0,0.0,0.0,0.0,2021-01-28 15:45:00
0.0,0.0,0.0,0.0,0.0,0.0,2021-01-28 15:50:00
0.0,0.0,0.0,0.0,0.0,0.0,2021-01-28 15:55:00
47.75,48.23,47.75,48.23,3.0,2.0,2021-01-29 09:30:00
0.0,0.0,0.0,0.0,0.0,0.0,2021-01-29 09:35:00
45.1,45.1,45.1,45.1,1.0,1.0,2021-01-29 09:40:00
0.0,0.0,0.0,0.0,0.0,0.0,2021-01-29 09:45:00
0.0,0.0,0.0,0.0,0.0,0.0,2021-01-29 09:50:00
0.0,0.0,0.0,0.0,0.0,0.0,2021-01-29 09:55:00
0.0,0.0,0.0,0.0,0.0,0.0,2021-01-29 10:00:00
0.0,0.0,0.0,0.0,0.0,0.0,2021-01-29 10:05:00
0.0,0.0,0.0,0.0,0.0,0.0,2021-01-29 10:10:00
0.0,0.0,0.0,0.0,0.0,0.0,2021-01-29 10:15:00
0.0,0.0,0.0,0.0,0.0,0.0,2021-01-29 10:20:00
0.0,0.0,0.0,0.0,0.0,0.0,2021-01-29 10:25:00
0.0,0.0,0.0,0.0,0.0,0.0,2021-01-29 10:30:00
0.0,0.0,0.0,0.0,0.0,0.0,2021-01-29 10:35:00
0.0,0.0,0.0,0.0,0.0,0.0,2021-01-29 10:40:00
0.0,0.0,0.0,0.0,0.0,0.0,2021-01-29 10:45:00
0.0,0.0,0.0,0.0,0.0,0.0,2021-01-29 10:50:00
0.0,0.0,0.0,0.0,0.0,0.0,2021-01-29 10:55:00
0.0,0.0,0.0,0.0,0.0,0.0,2021-01-29 11:00:00
0.0,0.0,0.0,0.0,0.0,0.0,2021-01-29 11:05:00
0.0,0.0,0.0,0.0,0.0,0.0,2021-01-29 11:10:00
0.0,0.0,0.0,0.0,0.0,0.0,2021-01-29 11:15:00
0.0,0.0,0.0,0.0,0.0,0.0,2021-01-29 11:20:00
0.0,0.0,0.0,0.0,0.0,0.0,2021-01-29 11:25:00
38.65,38.65,38.65,38.65,1.0,1.0,2021-01-29 11:30:00
0.0,0.0,0.0,0.0,0.0,0.0,2021-01-29 11:35:00
0.0,0.0,0.0,0.0,0.0,0.0,2021-01-29 11:40:00
0.0,0.0,0.0,0.0,0.0,0.0,2021-01-29 11:45:00
39.53,39.53,39.53,39.53,2.0,1.0,2021-01-29 11:50:00
0.0,0.0,0.0,0.0,0.0,0.0,2021-01-29 11:55:00
0.0,0.0,0.0,0.0,0.0,0.0,2021-01-29 12:00:00
0.0,0.0,0.0,0.0,0.0,0.0,2021-01-29 12:05:00
0.0,0.0,0.0,0.0,0.0,0.0,2021-01-29 12:10:00
0.0,0.0,0.0,0.0,0.0,0.0,2021-01-29 12:15:00
0.0,0.0,0.0,0.0,0.0,0.0,2021-01-29 12:20:00
0.0,0.0,0.0,0.0,0.0,0.0,2021-01-29 12:25:00
0.0,0.0,0.0,0.0,0.0,0.0,2021-01-29 12:30:00
0.0,0.0,0.0,0.0,0.0,0.0,2021-01-29 12:35:00
35.35,35.35,33.85,33.85,2.0,2.0,2021-01-29 12:40:00
0.0,0.0,0.0,0.0,0.0,0.0,2021-01-29 12:45:00
33.83,33.83,33.83,33.83,1.0,1.0,2021-01-29 12:50:00
0.0,0.0,0.0,0.0,0.0,0.0,2021-01-29 12:55:00
0.0,0.0,0.0,0.0,0.0,0.0,2021-01-29 13:00:00
0.0,0.0,0.0,0.0,0.0,0.0,2021-01-29 13:05:00
0.0,0.0,0.0,0.0,0.0,0.0,2021-01-29 13:10:00
0.0,0.0,0.0,0.0,0.0,0.0,2021-01-29 13:15:00
0.0,0.0,0.0,0.0,0.0,0.0,2021-01-29 13:20:00
0.0,0.0,0.0,0.0,0.0,0.0,2021-01-29 13:25:00
0.0,0.0,0.0,0.0,0.0,0.0,2021-01-29 13:30:00
0.0,0.0,0.0,0.0,0.0,0.0,2021-01-29 13:35:00
0.0,0.0,0.0,0.0,0.0,0.0,2021-01-29 13:40:00
0.0,0.0,0.0,0.0,0.0,0.0,2021-01-29 13:45:00
0.0,0.0,0.0,0.0,0.0,0.0,2021-01-29 13:50:00
0.0,0.0,0.0,0.0,0.0,0.0,2021-01-29 13:55:00
0.0,0.0,0.0,0.0,0.0,0.0,2021-01-29 14:00:00
0.0,0.0,0.0,0.0,0.0,0.0,2021-01-29 14:05:00
0.0,0.0,0.0,0.0,0.0,0.0,2021-01-29 14:10:00
0.0,0.0,0.0,0.0,0.0,0.0,2021-01-29 14:15:00
0.0,0.0,0.0,0.0,0.0,0.0,2021-01-29 14:20:00
0.0,0.0,0.0,0.0,0.0,0.0,2021-01-29 14:25:00
0.0,0.0,0.0,0.0,0.0,0.0,2021-01-29 14:30:00
0.0,0.0,0.0,0.0,0.0,0.0,2021-01-29 14:35:00
0.0,0.0,0.0,0.0,0.0,0.0,2021-01-29 14:40:00
0.0,0.0,0.0,0.0,0.0,0.0,2021-01-29 14:45:00
0.0,0.0,0.0,0.0,0.0,0.0,2021-01-29 14:50:00
0.0,0.0,0.0,0.0,0.0,0.0,2021-01-29 14:55:00
0.0,0.0,0.0,0.0,0.0,0.0,2021-01-29 15:00:00
0.0,0.0,0.0,0.0,0.0,0.0,2021-01-29 15:05:00
0.0,0.0,0.0,0.0,0.0,0.0,2021-01-29 15:10:00
0.0,0.0,0.0,0.0,0.0,0.0,2021-01-29 15:15:00
0.0,0.0,0.0,0.0,0.0,0.0,2021-01-29 15:20:00
0.0,0.0,0.0,0.0,0.0,0.0,2021-01-29 15:25:00
0.0,0.0,0.0,0.0,0.0,0.0,2021-01-29 15:30:00
0.0,0.0,0.0,0.0,0.0,0.0,2021-01-29 15:35:00
0.0,0.0,0.0,0.0,0.0,0.0,2021-01-29 15:40:00
0.0,0.0,0.0,0.0,0.0,0.0,2021-01-29 15:45:00
0.0,0.0,0.0,0.0,0.0,0.0,2021-01-29 15:50:00
0.0,0.0,0.0,0.0,0.0,0.0,2021-01-29 15:55:00
0.0,0.0,0.0,0.0,0.0,0.0,2021-02-01 09:30:00
0.0,0.0,0.0,0.0,0.0,0.0,2021-02-01 09:35:00
0.0,0.0,0.0,0.0,0.0,0.0,2021-02-01 09:40:00
34.19,34.19,34.19,34.19,1.0,1.0,2021-02-01 09:45:00
0.0,0.0,0.0,0.0,0.0,0.0,2021-02-01 09:50:00
0.0,0.0,0.0,0.0,0.0,0.0,2021-02-01 09:55:00
0.0,0.0,0.0,0.0,0.0,0.0,2021-02-01 10:00:00
0.0,0.0,0.0,0.0,0.0,0.0,2021-02-01 10:05:00
0.0,0.0,0.0,0.0,0.0,0.0,2021-02-01 10:10:00
0.0,0.0,0.0,0.0,0.0,0.0,2021-02-01 10:15:00
0.0,0.0,0.0,0.0,0.0,0.0,2021-02-01 10:20:00
33.9,33.9,33.9,33.9,1.0,1.0,2021-02-01 10:25:00
0.0,0.0,0.0,0.0,0.0,0.0,2021-02-01 10:30:00
0.0,0.0,0.0,0.0,0.0,0.0,2021-02-01 10:35:00
0.0,0.0,0.0,0.0,0.0,0.0,2021-02-01 10:40:00
0.0,0.0,0.0,0.0,0.0,0.0,2021-02-01 10:45:00
0.0,0.0,0.0,0.0,0.0,0.0,2021-02-01 10:50:00
0.0,0.0,0.0,0.0,0.0,0.0,2021-02-01 10:55:00
0.0,0.0,0.0,0.0,0.0,0.0,2021-02-01 11:00:00
0.0,0.0,0.0,0.0,0.0,0.0,2021-02-01 11:05:00
0.0,0.0,0.0,0.0,0.0,0.0,2021-02-01 11:10:00
0.0,0.0,0.0,0.0,0.0,0.0,2021-02-01 11:15:00
0.0,0.0,0.0,0.0,0.0,0.0,2021-02-01 11:20:00
0.0,0.0,0.0,0.0,0.0,0.0,2021-02-01 11:25:00
0.0,0.0,0.0,0.0,0.0,0.0,2021-02-01 11:30:00
0.0,0.0,0.0,0.0,0.0,0.0,2021-02-01 11:35:00
0.0,0.0,0.0,0.0,0.0,0.0,2021-02-01 11:40:00
0.0,0.0,0.0,0.0,0.0,0.0,2021-02-01 11:45:00
0.0,0.0,0.0,0.0,0.0,0.0,2021-02-01 11:50:00
0.0,0.0,0.0,0.0,0.0,0.0,2021-02-01 11:55:00
0.0,0.0,0.0,0.0,0.0,0.0,2021-02-01 12:00:00
41.32,41.32,41.32,41.32,1.0,1.0,2021-02-01 12:05:00
0.0,0.0,0.0,0.0,0.0,0.0,2021-02-01 12:10:00
0.0,0.0,0.0,0.0,0.0,0.0,2021-02-01 12:15:00
0.0,0.0,0.0,0.0,0.0,0.0,2021-02-01 12:20:00
0.0,0.0,0.0,0.0,0.0,0.0,2021-02-01 12:25:00
0.0,0.0,0.0,0.0,0.0,0.0,2021-02-01 12:30:00
0.0,0.0,0.0,0.0,0.0,0.0,2021-02-01 12:35:00
0.0,0.0,0.0,0.0,0.0,0.0,2021-02-01 12:40:00
0.0,0.0,0.0,0.0,0.0,0.0,2021-02-01 12:45:00
0.0,0.0,0.0,0.0,0.0,0.0,2021-02-01 12:50:00
0.0,0.0,0.0,0.0,0.0,0.0,2021-02-01 12:55:00
0.0,0.0,0.0,0.0,0.0,0.0,2021-02-01 13:00:00
0.0,0.0,0.0,0.0,0.0,0.0,2021-02-01 13:05:00
0.0,0.0,0.0,0.0,0.0,0.0,2021-02-01 13:10:00
0.0,0.0,0.0,0.0,0.0,0.0,2021-02-01 13:15:00
0.0,0.0,0.0,0.0,0.0,0.0,2021-02-01 13:20:00
0.0,0.0,0.0,0.0,0.0,0.0,2021-02-01 13:25:00
0.0,0.0,0.0,0.0,0.0,0.0,2021-02-01 13:30:00
0.0,0.0,0.0,0.0,0.0,0.0,2021-02-01 13:35:00
0.0,0.0,0.0,0.0,0.0,0.0,2021-02-01 13:40:00
0.0,0.0,0.0,0.0,0.0,0.0,2021-02-01 13:45:00
0.0,0.0,0.0,0.0,0.0,0.0,2021-02-01 13:50:00
0.0,0.0,0.0,0.0,0.0,0.0,2021-02-01 13:55:00
0.0,0.0,0.0,0.0,0.0,0.0,2021-02-01 14:00:00
0.0,0.0,0.0,0.0,0.0,0.0,2021-02-01 14:05:00
0.0,0.0,0.0,0.0,0.0,0.0,2021-02-01 14:10:00
0.0,0.0,0.0,0.0,0.0,0.0,2021-02-01 14:15:00
0.0,0.0,0.0,0.0,0.0,0.0,2021-02-01 14:20:00
0.0,0.0,0.0,0.0,0.0,0.0,2021-02-01 14:25:00
0.0,0.0,0.0,0.0,0.0,0.0,2021-02-01 14:30:00
0.0,0.0,0.0,0.0,0.0,0.0,2021-02-01 14:35:00
0.0,0.0,0.0,0.0,0.0,0.0,2021-02-01 14:40:00
40.5,40.5,40.5,40.5,1.0,1.0,2021-02-01 14:45:00
0.0,0.0,0.0,0.0,0.0,0.0,2021-02-01 14:50:00
0.0,0.0,0.0,0.0,0.0,0.0,2021-02-01 14:55:00
0.0,0.0,0.0,0.0,0.0,0.0,2021-02-01 15:00:00
0.0,0.0,0.0,0.0,0.0,0.0,2021-02-01 15:05:00
0.0,0.0,0.0,0.0,0.0,0.0,2021-02-01 15:10:00
0.0,0.0,0.0,0.0,0.0,0.0,2021-02-01 15:15:00
0.0,0.0,0.0,0.0,0.0,0.0,2021-02-01 15:20:00
0.0,0.0,0.0,0.0,0.0,0.0,2021-02-01 15:25:00
0.0,0.0,0.0,0.0,0.0,0.0,2021-02-01 15:30:00
0.0,0.0,0.0,0.0,0.0,0.0,2021-02-01 15:35:00
0.0,0.0,0.0,0.0,0.0,0.0,2021-02-01 15:40:00
0.0,0.0,0.0,0.0,0.0,0.0,2021-02-01 15:45:00
0.0,0.0,0.0,0.0,0.0,0.0,2021-02-01 15:50:00
0.0,0.0,0.0,0.0,0.0,0.0,2021-02-01 15:55:00
44.0,44.0,44.0,44.0,1.0,1.0,2021-02-02 09:30:00
0.0,0.0,0.0,0.0,0.0,0.0,2021-02-02 09:35:00
0.0,0.0,0.0,0.0,0.0,0.0,2021-02-02 09:40:00
0.0,0.0,0.0,0.0,0.0,0.0,2021-02-02 09:45:00
0.0,0.0,0.0,0.0,0.0,0.0,2021-02-02 09:50:00
0.0,0.0,0.0,0.0,0.0,0.0,2021-02-02 09:55:00
49.95,49.95,49.95,49.95,1.0,1.0,2021-02-02 10:00:00
0.0,0.0,0.0,0.0,0.0,0.0,2021-02-02 10:05:00
0.0,0.0,0.0,0.0,0.0,0.0,2021-02-02 10:10:00
0.0,0.0,0.0,0.0,0.0,0.0,2021-02-02 10:15:00
0.0,0.0,0.0,0.0,0.0,0.0,2021-02-02 10:20:00
56.09,56.09,56.09,56.09,1.0,1.0,2021-02-02 10:25:00
0.0,0.0,0.0,0.0,0.0,0.0,2021-02-02 10:30:00
0.0,0.0,0.0,0.0,0.0,0.0,2021-02-02 10:35:00
54.67,54.67,54.67,54.67,1.0,1.0,2021-02-02 10:40:00
55.25,55.25,55.25,55.25,1.0,1.0,2021-02-02 10:45:00
0.0,0.0,0.0,0.0,0.0,0.0,2021-02-02 10:50:00
0.0,0.0,0.0,0.0,0.0,0.0,2021-02-02 10:55:00
0.0,0.0,0.0,0.0,0.0,0.0,2021-02-02 11:00:00
54.26,54.26,54.26,54.26,2.0,1.0,2021-02-02 11:05:00
0.0,0.0,0.0,0.0,0.0,0.0,2021-02-02 11:10:00
55.22,55.22,55.2,55.2,2.0,2.0,2021-02-02 11:15:00
0.0,0.0,0.0,0.0,0.0,0.0,2021-02-02 11:20:00
56.58,56.58,56.58,56.58,1.0,1.0,2021-02-02 11:25:00
0.0,0.0,0.0,0.0,0.0,0.0,2021-02-02 11:30:00
0.0,0.0,0.0,0.0,0.0,0.0,2021-02-02 11:35:00
57.75,57.75,57.75,57.75,4.0,2.0,2021-02-02 11:40:00
0.0,0.0,0.0,0.0,0.0,0.0,2021-02-02 11:45:00
0.0,0.0,0.0,0.0,0.0,0.0,2021-02-02 11:50:00
59.17,59.17,59.17,59.17,1.0,1.0,2021-02-02 11:55:00
0.0,0.0,0.0,0.0,0.0,0.0,2021-02-02 12:00:00
57.75,57.75,57.75,57.75,1.0,1.0,2021-02-02 12:05:00
0.0,0.0,0.0,0.0,0.0,0.0,2021-02-02 12:10:00
0.0,0.0,0.0,0.0,0.0,0.0,2021-02-02 12:15:00
58.1,58.1,58.1,58.1,1.0,1.0,2021-02-02 12:20:00
0.0,0.0,0.0,0.0,0.0,0.0,2021-02-02 12:25:00
0.0,0.0,0.0,0.0,0.0,0.0,2021-02-02 12:30:00
0.0,0.0,0.0,0.0,0.0,0.0,2021-02-02 12:35:00
0.0,0.0,0.0,0.0,0.0,0.0,2021-02-02 12:40:00
57.59,57.59,57.59,57.59,1.0,1.0,2021-02-02 12:45:00
0.0,0.0,0.0,0.0,0.0,0.0,2021-02-02 12:50:00
0.0,0.0,0.0,0.0,0.0,0.0,2021-02-02 12:55:00
0.0,0.0,0.0,0.0,0.0,0.0,2021-02-02 13:00:00
0.0,0.0,0.0,0.0,0.0,0.0,2021-02-02 13:05:00
0.0,0.0,0.0,0.0,0.0,0.0,2021-02-02 13:10:00
0.0,0.0,0.0,0.0,0.0,0.0,2021-02-02 13:15:00
0.0,0.0,0.0,0.0,0.0,0.0,2021-02-02 13:20:00
0.0,0.0,0.0,0.0,0.0,0.0,2021-02-02 13:25:00
0.0,0.0,0.0,0.0,0.0,0.0,2021-02-02 13:30:00
0.0,0.0,0.0,0.0,0.0,0.0,2021-02-02 13:35:00
0.0,0.0,0.0,0.0,0.0,0.0,2021-02-02 13:40:00
0.0,0.0,0.0,0.0,0.0,0.0,2021-02-02 13:45:00
0.0,0.0,0.0,0.0,0.0,0.0,2021-02-02 13:50:00
0.0,0.0,0.0,0.0,0.0,0.0,2021-02-02 13:55:00
0.0,0.0,0.0,0.0,0.0,0.0,2021-02-02 14:00:00
0.0,0.0,0.0,0.0,0.0,0.0,2021-02-02 14:05:00
0.0,0.0,0.0,0.0,0.0,0.0,2021-02-02 14:10:00
0.0,0.0,0.0,0.0,0.0,0.0,2021-02-02 14:15:00
0.0,0.0,0.0,0.0,0.0,0.0,2021-02-02 14:20:00
0.0,0.0,0.0,0.0,0.0,0.0,2021-02-02 14:25:00
0.0,0.0,0.0,0.0,0.0,0.0,2021-02-02 14:30:00
0.0,0.0,0.0,0.0,0.0,0.0,2021-02-02 14:35:00
0.0,0.0,0.0,0.0,0.0,0.0,2021-02-02 14:40:00
0.0,0.0,0.0,0.0,0.0,0.0,2021-02-02 14:45:00
57.3,57.3,57.3,57.3,1.0,1.0,2021-02-02 14:50:00
0.0,0.0,0.0,0.0,0.0,0.0,2021-02-02 14:55:00
0.0,0.0,0.0,0.0,0.0,0.0,2021-02-02 15:00:00
0.0,0.0,0.0,0.0,0.0,0.0,2021-02-02 15:05:00
0.0,0.0,0.0,0.0,0.0,0.0,2021-02-02 15:10:00
0.0,0.0,0.0,0.0,0.0,0.0,2021-02-02 15:15:00
0.0,0.0,0.0,0.0,0.0,0.0,2021-02-02 15:20:00
0.0,0.0,0.0,0.0,0.0,0.0,2021-02-02 15:25:00
0.0,0.0,0.0,0.0,0.0,0.0,2021-02-02 15:30:00
54.6,54.6,54.6,54.6,1.0,1.0,2021-02-02 15:35:00
54.44,54.44,54.44,54.44,1.0,1.0,2021-02-02 15:40:00
0.0,0.0,0.0,0.0,0.0,0.0,2021-02-02 15:45:00
53.52,53.52,53.1,53.1,2.0,2.0,2021-02-02 15:50:00
53.5,53.88,53.5,53.88,3.0,3.0,2021-02-02 15:55:00
51.05,51.05,51.05,51.05,1.0,1.0,2021-02-03 09:30:00
51.58,51.58,51.58,51.58,1.0,1.0,2021-02-03 09:35:00
48.2,48.2,48.2,48.2,1.0,1.0,2021-02-03 09:40:00
0.0,0.0,0.0,0.0,0.0,0.0,2021-02-03 09:45:00
0.0,0.0,0.0,0.0,0.0,0.0,2021-02-03 09:50:00
0.0,0.0,0.0,0.0,0.0,0.0,2021-02-03 09:55:00
0.0,0.0,0.0,0.0,0.0,0.0,2021-02-03 10:00:00
48.5,48.5,48.15,48.15,8.0,4.0,2021-02-03 10:05:00
47.0,47.0,47.0,47.0,1.0,1.0,2021-02-03 10:10:00
0.0,0.0,0.0,0.0,0.0,0.0,2021-02-03 10:15:00
46.1,46.1,46.1,46.1,1.0,1.0,2021-02-03 10:20:00
44.8,44.8,44.8,44.8,1.0,1.0,2021-02-03 10:25:00
0.0,0.0,0.0,0.0,0.0,0.0,2021-02-03 10:30:00
0.0,0.0,0.0,0.0,0.0,0.0,2021-02-03 10:35:00
0.0,0.0,0.0,0.0,0.0,0.0,2021-02-03 10:40:00
0.0,0.0,0.0,0.0,0.0,0.0,2021-02-03 10:45:00
0.0,0.0,0.0,0.0,0.0,0.0,2021-02-03 10:50:00
0.0,0.0,0.0,0.0,0.0,0.0,2021-02-03 10:55:00
44.43,44.43,44.43,44.43,2.0,1.0,2021-02-03 11:00:00
0.0,0.0,0.0,0.0,0.0,0.0,2021-02-03 11:05:00
0.0,0.0,0.0,0.0,0.0,0.0,2021-02-03 11:10:00
0.0,0.0,0.0,0.0,0.0,0.0,2021-02-03 11:15:00
0.0,0.0,0.0,0.0,0.0,0.0,2021-02-03 11:20:00
0.0,0.0,0.0,0.0,0.0,0.0,2021-02-03 11:25:00
0.0,0.0,0.0,0.0,0.0,0.0,2021-02-03 11:30:00
44.49,44.49,44.49,44.49,1.0,1.0,2021-02-03 11:35:00
0.0,0.0,0.0,0.0,0.0,0.0,2021-02-03 11:40:00
0.0,0.0,0.0,0.0,0.0,0.0,2021-02-03 11:45:00
0.0,0.0,0.0,0.0,0.0,0.0,2021-02-03 11:50:00
48.35,48.35,48.35,48.35,1.0,1.0,2021-02-03 11:55:00
0.0,0.0,0.0,0.0,0.0,0.0,2021-02-03 12:00:00
0.0,0.0,0.0,0.0,0.0,0.0,2021-02-03 12:05:00
0.0,0.0,0.0,0.0,0.0,0.0,2021-02-03 12:10:00
0.0,0.0,0.0,0.0,0.0,0.0,2021-02-03 12:15:00
0.0,0.0,0.0,0.0,0.0,0.0,2021-02-03 12:20:00
0.0,0.0,0.0,0.0,0.0,0.0,2021-02-03 12:25:00
0.0,0.0,0.0,0.0,0.0,0.0,2021-02-03 12:30:00
0.0,0.0,0.0,0.0,0.0,0.0,2021-02-03 12:35:00
0.0,0.0,0.0,0.0,0.0,0.0,2021-02-03 12:40:00
0.0,0.0,0.0,0.0,0.0,0.0,2021-02-03 12:45:00
0.0,0.0,0.0,0.0,0.0,0.0,2021-02-03 12:50:00
0.0,0.0,0.0,0.0,0.0,0.0,2021-02-03 12:55:00
0.0,0.0,0.0,0.0,0.0,0.0,2021-02-03 13:00:00
0.0,0.0,0.0,0.0,0.0,0.0,2021-02-03 13:05:00
0.0,0.0,0.0,0.0,0.0,0.0,2021-02-03 13:10:00
0.0,0.0,0.0,0.0,0.0,0.0,2021-02-03 13:15:00
0.0,0.0,0.0,0.0,0.0,0.0,2021-02-03 13:20:00
0.0,0.0,0.0,0.0,0.0,0.0,2021-02-03 13:25:00
0.0,0.0,0.0,0.0,0.0,0.0,2021-02-03 13:30:00
0.0,0.0,0.0,0.0,0.0,0.0,2021-02-03 13:35:00
0.0,0.0,0.0,0.0,0.0,0.0,2021-02-03 13:40:00
0.0,0.0,0.0,0.0,0.0,0.0,2021-02-03 13:45:00
0.0,0.0,0.0,0.0,0.0,0.0,2021-02-03 13:50:00
0.0,0.0,0.0,0.0,0.0,0.0,2021-02-03 13:55:00
0.0,0.0,0.0,0.0,0.0,0.0,2021-02-03 14:00:00
0.0,0.0,0.0,0.0,0.0,0.0,2021-02-03 14:05:00
0.0,0.0,0.0,0.0,0.0,0.0,2021-02-03 14:10:00
0.0,0.0,0.0,0.0,0.0,0.0,2021-02-03 14:15:00
0.0,0.0,0.0,0.0,0.0,0.0,2021-02-03 14:20:00
0.0,0.0,0.0,0.0,0.0,0.0,2021-02-03 14:25:00
0.0,0.0,0.0,0.0,0.0,0.0,2021-02-03 14:30:00
0.0,0.0,0.0,0.0,0.0,0.0,2021-02-03 14:35:00
45.2,45.3,45.19,45.19,25.0,12.0,2021-02-03 14:40:00
0.0,0.0,0.0,0.0,0.0,0.0,2021-02-03 14:45:00
0.0,0.0,0.0,0.0,0.0,0.0,2021-02-03 14:50:00
0.0,0.0,0.0,0.0,0.0,0.0,2021-02-03 14:55:00
0.0,0.0,0.0,0.0,0.0,0.0,2021-02-03 15:00:00
0.0,0.0,0.0,0.0,0.0,0.0,2021-02-03 15:05:00
0.0,0.0,0.0,0.0,0.0,0.0,2021-02-03 15:10:00
0.0,0.0,0.0,0.0,0.0,0.0,2021-02-03 15:15:00
43.8,43.8,43.8,43.8,2.0,1.0,2021-02-03 15:20:00
0.0,0.0,0.0,0.0,0.0,0.0,2021-02-03 15:25:00
0.0,0.0,0.0,0.0,0.0,0.0,2021-02-03 15:30:00
0.0,0.0,0.0,0.0,0.0,0.0,2021-02-03 15:35:00
0.0,0.0,0.0,0.0,0.0,0.0,2021-02-03 15:40:00
0.0,0.0,0.0,0.0,0.0,0.0,2021-02-03 15:45:00
0.0,0.0,0.0,0.0,0.0,0.0,2021-02-03 15:50:00
0.0,0.0,0.0,0.0,0.0,0.0,2021-02-03 15:55:00
0.0,0.0,0.0,0.0,0.0,0.0,2021-02-04 09:30:00
0.0,0.0,0.0,0.0,0.0,0.0,2021-02-04 09:35:00
37.3,37.3,37.06,37.06,2.0,2.0,2021-02-04 09:40:00
37.05,37.05,37.05,37.05,1.0,1.0,2021-02-04 09:45:00
0.0,0.0,0.0,0.0,0.0,0.0,2021-02-04 09:50:00
0.0,0.0,0.0,0.0,0.0,0.0,2021-02-04 09:55:00
34.55,34.55,34.55,34.55,1.0,1.0,2021-02-04 10:00:00
0.0,0.0,0.0,0.0,0.0,0.0,2021-02-04 10:05:00
0.0,0.0,0.0,0.0,0.0,0.0,2021-02-04 10:10:00
0.0,0.0,0.0,0.0,0.0,0.0,2021-02-04 10:15:00
0.0,0.0,0.0,0.0,0.0,0.0,2021-02-04 10:20:00
0.0,0.0,0.0,0.0,0.0,0.0,2021-02-04 10:25:00
0.0,0.0,0.0,0.0,0.0,0.0,2021-02-04 10:30:00
0.0,0.0,0.0,0.0,0.0,0.0,2021-02-04 10:35:00
0.0,0.0,0.0,0.0,0.0,0.0,2021-02-04 10:40:00
0.0,0.0,0.0,0.0,0.0,0.0,2021-02-04 10:45:00
0.0,0.0,0.0,0.0,0.0,0.0,2021-02-04 10:50:00
33.0,33.0,33.0,33.0,1.0,1.0,2021-02-04 10:55:00
0.0,0.0,0.0,0.0,0.0,0.0,2021-02-04 11:00:00
0.0,0.0,0.0,0.0,0.0,0.0,2021-02-04 11:05:00
0.0,0.0,0.0,0.0,0.0,0.0,2021-02-04 11:10:00
0.0,0.0,0.0,0.0,0.0,0.0,2021-02-04 11:15:00
0.0,0.0,0.0,0.0,0.0,0.0,2021-02-04 11:20:00
0.0,0.0,0.0,0.0,0.0,0.0,2021-02-04 11:25:00
0.0,0.0,0.0,0.0,0.0,0.0,2021-02-04 11:30:00
33.6,33.6,33.6,33.6,1.0,1.0,2021-02-04 11:35:00
0.0,0.0,0.0,0.0,0.0,0.0,2021-02-04 11:40:00
0.0,0.0,0.0,0.0,0.0,0.0,2021-02-04 11:45:00
0.0,0.0,0.0,0.0,0.0,0.0,2021-02-04 11:50:00
0.0,0.0,0.0,0.0,0.0,0.0,2021-02-04 11:55:00
0.0,0.0,0.0,0.0,0.0,0.0,2021-02-04 12:00:00
0.0,0.0,0.0,0.0,0.0,0.0,2021-02-04 12:05:00
0.0,0.0,0.0,0.0,0.0,0.0,2021-02-04 12:10:00
0.0,0.0,0.0,0.0,0.0,0.0,2021-02-04 12:15:00
36.3,36.3,36.3,36.3,15.0,1.0,2021-02-04 12:20:00
0.0,0.0,0.0,0.0,0.0,0.0,2021-02-04 12:25:00
0.0,0.0,0.0,0.0,0.0,0.0,2021-02-04 12:30:00
0.0,0.0,0.0,0.0,0.0,0.0,2021-02-04 12:35:00
0.0,0.0,0.0,0.0,0.0,0.0,2021-02-04 12:40:00
0.0,0.0,0.0,0.0,0.0,0.0,2021-02-04 12:45:00
0.0,0.0,0.0,0.0,0.0,0.0,2021-02-04 12:50:00
0.0,0.0,0.0,0.0,0.0,0.0,2021-02-04 12:55:00
0.0,0.0,0.0,0.0,0.0,0.0,2021-02-04 13:00:00
0.0,0.0,0.0,0.0,0.0,0.0,2021-02-04 13:05:00
0.0,0.0,0.0,0.0,0.0,0.0,2021-02-04 13:10:00
0.0,0.0,0.0,0.0,0.0,0.0,2021-02-04 13:15:00
0.0,0.0,0.0,0.0,0.0,0.0,2021-02-04 13:20:00
0.0,0.0,0.0,0.0,0.0,0.0,2021-02-04 13:25:00
0.0,0.0,0.0,0.0,0.0,0.0,2021-02-04 13:30:00
33.25,33.25,33.25,33.25,3.0,1.0,2021-02-04 13:35:00
0.0,0.0,0.0,0.0,0.0,0.0,2021-02-04 13:40:00
0.0,0.0,0.0,0.0,0.0,0.0,2021-02-04 13:45:00
0.0,0.0,0.0,0.0,0.0,0.0,2021-02-04 13:50:00
0.0,0.0,0.0,0.0,0.0,0.0,2021-02-04 13:55:00
0.0,0.0,0.0,0.0,0.0,0.0,2021-02-04 14:00:00
0.0,0.0,0.0,0.0,0.0,0.0,2021-02-04 14:05:00
0.0,0.0,0.0,0.0,0.0,0.0,2021-02-04 14:10:00
0.0,0.0,0.0,0.0,0.0,0.0,2021-02-04 14:15:00
0.0,0.0,0.0,0.0,0.0,0.0,2021-02-04 14:20:00
0.0,0.0,0.0,0.0,0.0,0.0,2021-02-04 14:25:00
0.0,0.0,0.0,0.0,0.0,0.0,2021-02-04 14:30:00
0.0,0.0,0.0,0.0,0.0,0.0,2021-02-04 14:35:00
0.0,0.0,0.0,0.0,0.0,0.0,2021-02-04 14:40:00
0.0,0.0,0.0,0.0,0.0,0.0,2021-02-04 14:45:00
0.0,0.0,0.0,0.0,0.0,0.0,2021-02-04 14:50:00
0.0,0.0,0.0,0.0,0.0,0.0,2021-02-04 14:55:00
0.0,0.0,0.0,0.0,0.0,0.0,2021-02-04 15:00:00
0.0,0.0,0.0,0.0,0.0,0.0,2021-02-04 15:05:00
0.0,0.0,0.0,0.0,0.0,0.0,2021-02-04 15:10:00
0.0,0.0,0.0,0.0,0.0,0.0,2021-02-04 15:15:00
0.0,0.0,0.0,0.0,0.0,0.0,2021-02-04 15:20:00
0.0,0.0,0.0,0.0,0.0,0.0,2021-02-04 15:25:00
0.0,0.0,0.0,0.0,0.0,0.0,2021-02-04 15:30:00
0.0,0.0,0.0,0.0,0.0,0.0,2021-02-04 15:35:00
0.0,0.0,0.0,0.0,0.0,0.0,2021-02-04 15:40:00
0.0,0.0,0.0,0.0,0.0,0.0,2021-02-04 15:45:00
0.0,0.0,0.0,0.0,0.0,0.0,2021-02-04 15:50:00
0.0,0.0,0.0,0.0,0.0,0.0,2021-02-04 15:55:00
0.0,0.0,0.0,0.0,0.0,0.0,2021-02-05 09:30:00
0.0,0.0,0.0,0.0,0.0,0.0,2021-02-05 09:35:00
32.92,32.92,32.92,32.92,1.0,1.0,2021-02-05 09:40:00
0.0,0.0,0.0,0.0,0.0,0.0,2021-02-05 09:45:00
0.0,0.0,0.0,0.0,0.0,0.0,2021-02-05 09:50:00
0.0,0.0,0.0,0.0,0.0,0.0,2021-02-05 09:55:00
29.5,29.5,29.5,29.5,1.0,1.0,2021-02-05 10:00:00
29.92,29.92,29.92,29.92,1.0,1.0,2021-02-05 10:05:00
0.0,0.0,0.0,0.0,0.0,0.0,2021-02-05 10:10:00
0.0,0.0,0.0,0.0,0.0,0.0,2021-02-05 10:15:00
0.0,0.0,0.0,0.0,0.0,0.0,2021-02-05 10:20:00
0.0,0.0,0.0,0.0,0.0,0.0,2021-02-05 10:25:00
29.0,29.0,29.0,29.0,1.0,1.0,2021-02-05 10:30:00
29.05,29.05,29.05,29.05,1.0,1.0,2021-02-05 10:35:00
0.0,0.0,0.0,0.0,0.0,0.0,2021-02-05 10:40:00
0.0,0.0,0.0,0.0,0.0,0.0,2021-02-05 10:45:00
28.57,28.57,28.5,28.5,4.0,2.0,2021-02-05 10:50:00
0.0,0.0,0.0,0.0,0.0,0.0,2021-02-05 10:55:00
30.05,30.05,30.05,30.05,2.0,1.0,2021-02-05 11:00:00
0.0,0.0,0.0,0.0,0.0,0.0,2021-02-05 11:05:00
0.0,0.0,0.0,0.0,0.0,0.0,2021-02-05 11:10:00
35.0,35.0,35.0,35.0,1.0,1.0,2021-02-05 11:15:00
35.0,36.6,35.0,36.6,2.0,2.0,2021-02-05 11:20:00
0.0,0.0,0.0,0.0,0.0,0.0,2021-02-05 11:25:00
39.15,39.15,39.15,39.15,1.0,1.0,2021-02-05 11:30:00
0.0,0.0,0.0,0.0,0.0,0.0,2021-02-05 11:35:00
0.0,0.0,0.0,0.0,0.0,0.0,2021-02-05 11:40:00
0.0,0.0,0.0,0.0,0.0,0.0,2021-02-05 11:45:00
0.0,0.0,0.0,0.0,0.0,0.0,2021-02-05 11:50:00
0.0,0.0,0.0,0.0,0.0,0.0,2021-02-05 11:55:00
0.0,0.0,0.0,0.0,0.0,0.0,2021-02-05 12:00:00
0.0,0.0,0.0,0.0,0.0,0.0,2021-02-05 12:05:00
0.0,0.0,0.0,0.0,0.0,0.0,2021-02-05 12:10:00
0.0,0.0,0.0,0.0,0.0,0.0,2021-02-05 12:15:00
0.0,0.0,0.0,0.0,0.0,0.0,2021-02-05 12:20:00
0.0,0.0,0.0,0.0,0.0,0.0,2021-02-05 12:25:00
0.0,0.0,0.0,0.0,0.0,0.0,2021-02-05 12:30:00
0.0,0.0,0.0,0.0,0.0,0.0,2021-02-05 12:35:00
0.0,0.0,0.0,0.0,0.0,0.0,2021-02-05 12:40:00
0.0,0.0,0.0,0.0,0.0,0.0,2021-02-05 12:45:00
38.75,38.75,38.75,38.75,1.0,1.0,2021-02-05 12:50:00
0.0,0.0,0.0,0.0,0.0,0.0,2021-02-05 12:55:00
0.0,0.0,0.0,0.0,0.0,0.0,2021-02-05 13:00:00
0.0,0.0,0.0,0.0,0.0,0.0,2021-02-05 13:05:00
0.0,0.0,0.0,0.0,0.0,0.0,2021-02-05 13:10:00
0.0,0.0,0.0,0.0,0.0,0.0,2021-02-05 13:15:00
0.0,0.0,0.0,0.0,0.0,0.0,2021-02-05 13:20:00
37.97,37.97,37.97,37.97,2.0,1.0,2021-02-05 13:25:00
0.0,0.0,0.0,0.0,0.0,0.0,2021-02-05 13:30:00
36.6,36.75,36.6,36.63,15.0,6.0,2021-02-05 13:35:00
0.0,0.0,0.0,0.0,0.0,0.0,2021-02-05 13:40:00
0.0,0.0,0.0,0.0,0.0,0.0,2021-02-05 13:45:00
0.0,0.0,0.0,0.0,0.0,0.0,2021-02-05 13:50:00
0.0,0.0,0.0,0.0,0.0,0.0,2021-02-05 13:55:00
34.25,34.25,34.25,34.25,1.0,1.0,2021-02-05 14:00:00
0.0,0.0,0.0,0.0,0.0,0.0,2021-02-05 14:05:00
0.0,0.0,0.0,0.0,0.0,0.0,2021-02-05 14:10:00
0.0,0.0,0.0,0.0,0.0,0.0,2021-02-05 14:15:00
0.0,0.0,0.0,0.0,0.0,0.0,2021-02-05 14:20:00
0.0,0.0,0.0,0.0,0.0,0.0,2021-02-05 14:25:00
0.0,0.0,0.0,0.0,0.0,0.0,2021-02-05 14:30:00
0.0,0.0,0.0,0.0,0.0,0.0,2021-02-05 14:35:00
0.0,0.0,0.0,0.0,0.0,0.0,2021-02-05 14:40:00
0.0,0.0,0.0,0.0,0.0,0.0,2021-02-05 14:45:00
0.0,0.0,0.0,0.0,0.0,0.0,2021-02-05 14:50:00
0.0,0.0,0.0,0.0,0.0,0.0,2021-02-05 14:55:00
0.0,0.0,0.0,0.0,0.0,0.0,2021-02-05 15:00:00
0.0,0.0,0.0,0.0,0.0,0.0,2021-02-05 15:05:00
0.0,0.0,0.0,0.0,0.0,0.0,2021-02-05 15:10:00
0.0,0.0,0.0,0.0,0.0,0.0,2021-02-05 15:15:00
0.0,0.0,0.0,0.0,0.0,0.0,2021-02-05 15:20:00
0.0,0.0,0.0,0.0,0.0,0.0,2021-02-05 15:25:00
0.0,0.0,0.0,0.0,0.0,0.0,2021-02-05 15:30:00
0.0,0.0,0.0,0.0,0.0,0.0,2021-02-05 15:35:00
0.0,0.0,0.0,0.0,0.0,0.0,2021-02-05 15:40:00
0.0,0.0,0.0,0.0,0.0,0.0,2021-02-05 15:45:00
0.0,0.0,0.0,0.0,0.0,0.0,2021-02-05 15:50:00
0.0,0.0,0.0,0.0,0.0,0.0,2021-02-05 15:55:00
43.3,45.3,42.92,44.7,18.0,6.0,2021-02-08 09:30:00
47.0,47.0,44.1,45.3,17.0,4.0,2021-02-08 09:35:00
44.35,44.35,43.4,43.4,3.0,3.0,2021-02-08 09:40:00
43.58,43.58,40.46,41.1,8.0,6.0,2021-02-08 09:45:00
40.57,40.97,39.95,40.02,5.0,5.0,2021-02-08 09:50:00
40.17,41.71,40.17,41.71,8.0,6.0,2021-02-08 09:55:00
0.0,0.0,0.0,0.0,0.0,0.0,2021-02-08 10:00:00
41.15,45.25,41.15,45.25,4.0,3.0,2021-02-08 10:05:00
45.0,45.32,43.65,43.75,7.0,7.0,2021-02-08 10:10:00
43.4,43.4,42.75,42.75,15.0,3.0,2021-02-08 10:15:00
42.0,42.0,40.95,40.95,2.0,2.0,2021-02-08 10:20:00
40.76,41.4,40.68,41.4,4.0,4.0,2021-02-08 10:25:00
40.1,40.6,40.1,40.6,3.0,2.0,2021-02-08 10:30:00
41.45,41.45,40.75,40.75,2.0,2.0,2021-02-08 10:35:00
43.0,43.0,43.0,43.0,1.0,1.0,2021-02-08 10:40:00
42.73,42.73,41.97,41.97,4.0,4.0,2021-02-08 10:45:00
43.36,43.36,42.45,42.45,5.0,3.0,2021-02-08 10:50:00
0.0,0.0,0.0,0.0,0.0,0.0,2021-02-08 10:55:00
42.3,42.3,41.94,41.94,7.0,3.0,2021-02-08 11:00:00
41.25,41.92,41.25,41.92,2.0,2.0,2021-02-08 11:05:00
40.65,40.65,40.65,40.65,1.0,1.0,2021-02-08 11:10:00
0.0,0.0,0.0,0.0,0.0,0.0,2021-02-08 11:15:00
41.4,41.4,40.33,40.33,2.0,2.0,2021-02-08 11:20:00
39.6,39.6,39.6,39.6,1.0,1.0,2021-02-08 11:25:00
39.53,39.53,39.05,39.32,52.0,4.0,2021-02-08 11:30:00
0.0,0.0,0.0,0.0,0.0,0.0,2021-02-08 11:35:00
0.0,0.0,0.0,0.0,0.0,0.0,2021-02-08 11:40:00
0.0,0.0,0.0,0.0,0.0,0.0,2021-02-08 11:45:00
0.0,0.0,0.0,0.0,0.0,0.0,2021-02-08 11:50:00
0.0,0.0,0.0,0.0,0.0,0.0,2021-02-08 11:55:00
0.0,0.0,0.0,0.0,0.0,0.0,2021-02-08 12:00:00
0.0,0.0,0.0,0.0,0.0,0.0,2021-02-08 12:05:00
0.0,0.0,0.0,0.0,0.0,0.0,2021-02-08 12:10:00
0.0,0.0,0.0,0.0,0.0,0.0,2021-02-08 12:15:00
0.0,0.0,0.0,0.0,0.0,0.0,2021-02-08 12:20:00
41.44,41.44,41.44,41.44,1.0,1.0,2021-02-08 12:25:00
0.0,0.0,0.0,0.0,0.0,0.0,2021-02-08 12:30:00
0.0,0.0,0.0,0.0,0.0,0.0,2021-02-08 12:35:00
41.27,41.27,41.27,41.27,1.0,1.0,2021-02-08 12:40:00
0.0,0.0,0.0,0.0,0.0,0.0,2021-02-08 12:45:00
39.75,39.75,39.75,39.75,1.0,1.0,2021-02-08 12:50:00
0.0,0.0,0.0,0.0,0.0,0.0,2021-02-08 12:55:00
39.45,39.45,39.45,39.45,2.0,1.0,2021-02-08 13:00:00
0.0,0.0,0.0,0.0,0.0,0.0,2021-02-08 13:05:00
40.19,40.2,40.19,40.2,2.0,2.0,2021-02-08 13:10:00
0.0,0.0,0.0,0.0,0.0,0.0,2021-02-08 13:15:00
0.0,0.0,0.0,0.0,0.0,0.0,2021-02-08 13:20:00
39.77,39.77,39.77,39.77,5.0,1.0,2021-02-08 13:25:00
0.0,0.0,0.0,0.0,0.0,0.0,2021-02-08 13:30:00
0.0,0.0,0.0,0.0,0.0,0.0,2021-02-08 13:35:00
38.09,38.1,38.09,38.1,4.0,4.0,2021-02-08 13:40:00
38.4,38.4,38.4,38.4,1.0,1.0,2021-02-08 13:45:00
0.0,0.0,0.0,0.0,0.0,0.0,2021-02-08 13:50:00
36.48,36.48,36.17,36.19,4.0,3.0,2021-02-08 13:55:00
0.0,0.0,0.0,0.0,0.0,0.0,2021-02-08 14:00:00
0.0,0.0,0.0,0.0,0.0,0.0,2021-02-08 14:05:00
35.8,35.8,35.8,35.8,1.0,1.0,2021-02-08 14:10:00
35.35,35.35,35.35,35.35,3.0,1.0,2021-02-08 14:15:00
35.4,35.4,35.4,35.4,1.0,1.0,2021-02-08 14:20:00
0.0,0.0,0.0,0.0,0.0,0.0,2021-02-08 14:25:00
0.0,0.0,0.0,0.0,0.0,0.0,2021-02-08 14:30:00
0.0,0.0,0.0,0.0,0.0,0.0,2021-02-08 14:35:00
0.0,0.0,0.0,0.0,0.0,0.0,2021-02-08 14:40:00
36.35,36.35,36.35,36.35,10.0,1.0,2021-02-08 14:45:00
0.0,0.0,0.0,0.0,0.0,0.0,2021-02-08 14:50:00
0.0,0.0,0.0,0.0,0.0,0.0,2021-02-08 14:55:00
0.0,0.0,0.0,0.0,0.0,0.0,2021-02-08 15:00:00
0.0,0.0,0.0,0.0,0.0,0.0,2021-02-08 15:05:00
39.54,39.54,39.54,39.54,1.0,1.0,2021-02-08 15:10:00
0.0,0.0,0.0,0.0,0.0,0.0,2021-02-08 15:15:00
0.0,0.0,0.0,0.0,0.0,0.0,2021-02-08 15:20:00
0.0,0.0,0.0,0.0,0.0,0.0,2021-02-08 15:25:00
38.5,38.5,38.5,38.5,10.0,1.0,2021-02-08 15:30:00
0.0,0.0,0.0,0.0,0.0,0.0,2021-02-08 15:35:00
0.0,0.0,0.0,0.0,0.0,0.0,2021-02-08 15:40:00
0.0,0.0,0.0,0.0,0.0,0.0,2021-02-08 15:45:00
0.0,0.0,0.0,0.0,0.0,0.0,2021-02-08 15:50:00
0.0,0.0,0.0,0.0,0.0,0.0,2021-02-08 15:55:00
0.0,0.0,0.0,0.0,0.0,0.0,2021-02-09 09:30:00
35.4,35.4,35.4,35.4,1.0,1.0,2021-02-09 09:35:00
31.28,32.1,31.28,32.1,4.0,4.0,2021-02-09 09:40:00
0.0,0.0,0.0,0.0,0.0,0.0,2021-02-09 09:45:00
0.0,0.0,0.0,0.0,0.0,0.0,2021-02-09 09:50:00
32.1,32.1,32.1,32.1,1.0,1.0,2021-02-09 09:55:00
31.65,31.65,31.35,31.35,3.0,3.0,2021-02-09 10:00:00
0.0,0.0,0.0,0.0,0.0,0.0,2021-02-09 10:05:00
32.25,32.25,32.25,32.25,1.0,1.0,2021-02-09 10:10:00
32.5,32.5,32.5,32.5,1.0,1.0,2021-02-09 10:15:00
0.0,0.0,0.0,0.0,0.0,0.0,2021-02-09 10:20:00
0.0,0.0,0.0,0.0,0.0,0.0,2021-02-09 10:25:00
0.0,0.0,0.0,0.0,0.0,0.0,2021-02-09 10:30:00
31.3,31.3,31.3,31.3,1.0,1.0,2021-02-09 10:35:00
31.25,31.25,31.0,31.0,2.0,2.0,2021-02-09 10:40:00
30.87,30.87,30.87,30.87,2.0,1.0,2021-02-09 10:45:00
30.6,30.6,30.6,30.6,1.0,1.0,2021-02-09 10:50:00
30.29,31.02,30.29,31.02,17.0,2.0,2021-02-09 10:55:00
0.0,0.0,0.0,0.0,0.0,0.0,2021-02-09 11:00:00
30.5,30.5,30.5,30.5,1.0,1.0,2021-02-09 11:05:00
0.0,0.0,0.0,0.0,0.0,0.0,2021-02-09 11:10:00
0.0,0.0,0.0,0.0,0.0,0.0,2021-02-09 11:15:00
0.0,0.0,0.0,0.0,0.0,0.0,2021-02-09 11:20:00
29.18,29.18,29.15,29.15,10.0,3.0,2021-02-09 11:25:00
0.0,0.0,0.0,0.0,0.0,0.0,2021-02-09 11:30:00
29.75,29.75,29.75,29.75,1.0,1.0,2021-02-09 11:35:00
0.0,0.0,0.0,0.0,0.0,0.0,2021-02-09 11:40:00
0.0,0.0,0.0,0.0,0.0,0.0,2021-02-09 11:45:00
0.0,0.0,0.0,0.0,0.0,0.0,2021-02-09 11:50:00
29.85,29.85,29.85,29.85,1.0,1.0,2021-02-09 11:55:00
0.0,0.0,0.0,0.0,0.0,0.0,2021-02-09 12:00:00
0.0,0.0,0.0,0.0,0.0,0.0,2021-02-09 12:05:00
29.8,29.8,29.8,29.8,1.0,1.0,2021-02-09 12:10:00
0.0,0.0,0.0,0.0,0.0,0.0,2021-02-09 12:15:00
0.0,0.0,0.0,0.0,0.0,0.0,2021-02-09 12:20:00
0.0,0.0,0.0,0.0,0.0,0.0,2021-02-09 12:25:00
29.9,29.9,29.9,29.9,1.0,1.0,2021-02-09 12:30:00
0.0,0.0,0.0,0.0,0.0,0.0,2021-02-09 12:35:00
0.0,0.0,0.0,0.0,0.0,0.0,2021-02-09 12:40:00
0.0,0.0,0.0,0.0,0.0,0.0,2021-02-09 12:45:00
0.0,0.0,0.0,0.0,0.0,0.0,2021-02-09 12:50:00
0.0,0.0,0.0,0.0,0.0,0.0,2021-02-09 12:55:00
0.0,0.0,0.0,0.0,0.0,0.0,2021-02-09 13:00:00
0.0,0.0,0.0,0.0,0.0,0.0,2021-02-09 13:05:00
0.0,0.0,0.0,0.0,0.0,0.0,2021-02-09 13:10:00
29.65,29.65,29.65,29.65,1.0,1.0,2021-02-09 13:15:00
0.0,0.0,0.0,0.0,0.0,0.0,2021-02-09 13:20:00
0.0,0.0,0.0,0.0,0.0,0.0,2021-02-09 13:25:00
0.0,0.0,0.0,0.0,0.0,0.0,2021-02-09 13:30:00
0.0,0.0,0.0,0.0,0.0,0.0,2021-02-09 13:35:00
0.0,0.0,0.0,0.0,0.0,0.0,2021-02-09 13:40:00
0.0,0.0,0.0,0.0,0.0,0.0,2021-02-09 13:45:00
0.0,0.0,0.0,0.0,0.0,0.0,2021-02-09 13:50:00
0.0,0.0,0.0,0.0,0.0,0.0,2021-02-09 13:55:00
29.01,29.01,29.01,29.01,10.0,1.0,2021-02-09 14:00:00
0.0,0.0,0.0,0.0,0.0,0.0,2021-02-09 14:05:00
0.0,0.0,0.0,0.0,0.0,0.0,2021-02-09 14:10:00
0.0,0.0,0.0,0.0,0.0,0.0,2021-02-09 14:15:00
0.0,0.0,0.0,0.0,0.0,0.0,2021-02-09 14:20:00
0.0,0.0,0.0,0.0,0.0,0.0,2021-02-09 14:25:00
0.0,0.0,0.0,0.0,0.0,0.0,2021-02-09 14:30:00
0.0,0.0,0.0,0.0,0.0,0.0,2021-02-09 14:35:00
0.0,0.0,0.0,0.0,0.0,0.0,2021-02-09 14:40:00
0.0,0.0,0.0,0.0,0.0,0.0,2021-02-09 14:45:00
0.0,0.0,0.0,0.0,0.0,0.0,2021-02-09 14:50:00
30.22,30.22,30.22,30.22,1.0,1.0,2021-02-09 14:55:00
0.0,0.0,0.0,0.0,0.0,0.0,2021-02-09 15:00:00
0.0,0.0,0.0,0.0,0.0,0.0,2021-02-09 15:05:00
0.0,0.0,0.0,0.0,0.0,0.0,2021-02-09 15:10:00
0.0,0.0,0.0,0.0,0.0,0.0,2021-02-09 15:15:00
30.12,30.12,29.96,29.96,25.0,6.0,2021-02-09 15:20:00
0.0,0.0,0.0,0.0,0.0,0.0,2021-02-09 15:25:00
0.0,0.0,0.0,0.0,0.0,0.0,2021-02-09 15:30:00
0.0,0.0,0.0,0.0,0.0,0.0,2021-02-09 15:35:00
30.33,30.33,30.33,30.33,1.0,1.0,2021-02-09 15:40:00
0.0,0.0,0.0,0.0,0.0,0.0,2021-02-09 15:45:00
0.0,0.0,0.0,0.0,0.0,0.0,2021-02-09 15:50:00
0.0,0.0,0.0,0.0,0.0,0.0,2021-02-09 15:55:00
0.0,0.0,0.0,0.0,0.0,0.0,2021-02-10 09:30:00
0.0,0.0,0.0,0.0,0.0,0.0,2021-02-10 09:35:00
23.45,23.95,23.45,23.95,2.0,2.0,2021-02-10 09:40:00
24.16,24.16,24.16,24.16,1.0,1.0,2021-02-10 09:45:00
23.37,23.37,23.37,23.37,1.0,1.0,2021-02-10 09:50:00
24.04,24.04,24.04,24.04,10.0,1.0,2021-02-10 09:55:00
25.1,25.1,25.1,25.1,1.0,1.0,2021-02-10 10:00:00
23.0,23.0,23.0,23.0,1.0,1.0,2021-02-10 10:05:00
0.0,0.0,0.0,0.0,0.0,0.0,2021-02-10 10:10:00
21.45,21.45,21.45,21.45,2.0,1.0,2021-02-10 10:15:00
21.3,21.3,19.95,19.95,9.0,6.0,2021-02-10 10:20:00
22.43,22.9,22.43,22.9,2.0,2.0,2021-02-10 10:25:00
0.0,0.0,0.0,0.0,0.0,0.0,2021-02-10 10:30:00
22.4,22.4,22.4,22.4,1.0,1.0,2021-02-10 10:35:00
20.55,20.55,20.55,20.55,1.0,1.0,2021-02-10 10:40:00
0.0,0.0,0.0,0.0,0.0,0.0,2021-02-10 10:45:00
22.19,22.19,22.19,22.19,2.0,1.0,2021-02-10 10:50:00
0.0,0.0,0.0,0.0,0.0,0.0,2021-02-10 10:55:00
0.0,0.0,0.0,0.0,0.0,0.0,2021-02-10 11:00:00
21.85,21.85,21.85,21.85,1.0,1.0,2021-02-10 11:05:00
22.38,22.38,22.23,22.35,102.0,10.0,2021-02-10 11:10:00
23.0,23.0,23.0,23.0,1.0,1.0,2021-02-10 11:15:00
0.0,0.0,0.0,0.0,0.0,0.0,2021-02-10 11:20:00
22.4,22.4,22.4,22.4,6.0,2.0,2021-02-10 11:25:00
0.0,0.0,0.0,0.0,0.0,0.0,2021-02-10 11:30:00
21.87,21.87,21.87,21.87,10.0,1.0,2021-02-10 11:35:00
0.0,0.0,0.0,0.0,0.0,0.0,2021-02-10 11:40:00
21.0,21.0,21.0,21.0,1.0,1.0,2021-02-10 11:45:00
0.0,0.0,0.0,0.0,0.0,0.0,2021-02-10 11:50:00
0.0,0.0,0.0,0.0,0.0,0.0,2021-02-10 11:55:00
0.0,0.0,0.0,0.0,0.0,0.0,2021-02-10 12:00:00
0.0,0.0,0.0,0.0,0.0,0.0,2021-02-10 12:05:00
0.0,0.0,0.0,0.0,0.0,0.0,2021-02-10 12:10:00
0.0,0.0,0.0,0.0,0.0,0.0,2021-02-10 12:15:00
0.0,0.0,0.0,0.0,0.0,0.0,2021-02-10 12:20:00
0.0,0.0,0.0,0.0,0.0,0.0,2021-02-10 12:25:00
17.8,17.8,17.8,17.8,1.0,1.0,2021-02-10 12:30:00
0.0,0.0,0.0,0.0,0.0,0.0,2021-02-10 12:35:00
0.0,0.0,0.0,0.0,0.0,0.0,2021-02-10 12:40:00
0.0,0.0,0.0,0.0,0.0,0.0,2021-02-10 12:45:00
0.0,0.0,0.0,0.0,0.0,0.0,2021-02-10 12:50:00
0.0,0.0,0.0,0.0,0.0,0.0,2021-02-10 12:55:00
0.0,0.0,0.0,0.0,0.0,0.0,2021-02-10 13:00:00
0.0,0.0,0.0,0.0,0.0,0.0,2021-02-10 13:05:00
0.0,0.0,0.0,0.0,0.0,0.0,2021-02-10 13:10:00
0.0,0.0,0.0,0.0,0.0,0.0,2021-02-10 13:15:00
0.0,0.0,0.0,0.0,0.0,0.0,2021-02-10 13:20:00
17.95,17.95,17.9,17.9,15.0,6.0,2021-02-10 13:25:00
0.0,0.0,0.0,0.0,0.0,0.0,2021-02-10 13:30:00
17.91,17.91,17.91,17.91,5.0,1.0,2021-02-10 13:35:00
0.0,0.0,0.0,0.0,0.0,0.0,2021-02-10 13:40:00
0.0,0.0,0.0,0.0,0.0,0.0,2021-02-10 13:45:00
0.0,0.0,0.0,0.0,0.0,0.0,2021-02-10 13:50:00
18.35,18.4,18.35,18.4,3.0,2.0,2021-02-10 13:55:00
0.0,0.0,0.0,0.0,0.0,0.0,2021-02-10 14:00:00
0.0,0.0,0.0,0.0,0.0,0.0,2021-02-10 14:05:00
0.0,0.0,0.0,0.0,0.0,0.0,2021-02-10 14:10:00
0.0,0.0,0.0,0.0,0.0,0.0,2021-02-10 14:15:00
19.05,19.05,19.05,19.05,1.0,1.0,2021-02-10 14:20:00
0.0,0.0,0.0,0.0,0.0,0.0,2021-02-10 14:25:00
0.0,0.0,0.0,0.0,0.0,0.0,2021-02-10 14:30:00
0.0,0.0,0.0,0.0,0.0,0.0,2021-02-10 14:35:00
0.0,0.0,0.0,0.0,0.0,0.0,2021-02-10 14:40:00
0.0,0.0,0.0,0.0,0.0,0.0,2021-02-10 14:45:00
0.0,0.0,0.0,0.0,0.0,0.0,2021-02-10 14:50:00
0.0,0.0,0.0,0.0,0.0,0.0,2021-02-10 14:55:00
0.0,0.0,0.0,0.0,0.0,0.0,2021-02-10 15:00:00
0.0,0.0,0.0,0.0,0.0,0.0,2021-02-10 15:05:00
0.0,0.0,0.0,0.0,0.0,0.0,2021-02-10 15:10:00
0.0,0.0,0.0,0.0,0.0,0.0,2021-02-10 15:15:00
0.0,0.0,0.0,0.0,0.0,0.0,2021-02-10 15:20:00
0.0,0.0,0.0,0.0,0.0,0.0,2021-02-10 15:25:00
0.0,0.0,0.0,0.0,0.0,0.0,2021-02-10 15:30:00
18.46,18.46,18.46,18.46,1.0,1.0,2021-02-10 15:35:00
0.0,0.0,0.0,0.0,0.0,0.0,2021-02-10 15:40:00
17.75,17.75,17.75,17.75,1.0,1.0,2021-02-10 15:45:00
0.0,0.0,0.0,0.0,0.0,0.0,2021-02-10 15:50:00
0.0,0.0,0.0,0.0,0.0,0.0,2021-02-10 15:55:00
18.0,18.0,18.0,18.0,1.0,1.0,2021-02-11 09:30:00
0.0,0.0,0.0,0.0,0.0,0.0,2021-02-11 09:35:00
0.0,0.0,0.0,0.0,0.0,0.0,2021-02-11 09:40:00
20.6,20.98,20.6,20.98,2.0,2.0,2021-02-11 09:45:00
19.7,19.7,19.7,19.7,3.0,1.0,2021-02-11 09:50:00
20.41,20.41,20.41,20.41,1.0,1.0,2021-02-11 09:55:00
0.0,0.0,0.0,0.0,0.0,0.0,2021-02-11 10:00:00
0.0,0.0,0.0,0.0,0.0,0.0,2021-02-11 10:05:00
17.96,17.96,17.96,17.96,1.0,1.0,2021-02-11 10:10:00
0.0,0.0,0.0,0.0,0.0,0.0,2021-02-11 10:15:00
0.0,0.0,0.0,0.0,0.0,0.0,2021-02-11 10:20:00
0.0,0.0,0.0,0.0,0.0,0.0,2021-02-11 10:25:00
0.0,0.0,0.0,0.0,0.0,0.0,2021-02-11 10:30:00
16.05,16.05,16.01,16.01,4.0,4.0,2021-02-11 10:35:00
0.0,0.0,0.0,0.0,0.0,0.0,2021-02-11 10:40:00
0.0,0.0,0.0,0.0,0.0,0.0,2021-02-11 10:45:00
14.7,14.7,14.7,14.7,1.0,1.0,2021-02-11 10:50:00
0.0,0.0,0.0,0.0,0.0,0.0,2021-02-11 10:55:00
0.0,0.0,0.0,0.0,0.0,0.0,2021-02-11 11:00:00
0.0,0.0,0.0,0.0,0.0,0.0,2021-02-11 11:05:00
0.0,0.0,0.0,0.0,0.0,0.0,2021-02-11 11:10:00
0.0,0.0,0.0,0.0,0.0,0.0,2021-02-11 11:15:00
0.0,0.0,0.0,0.0,0.0,0.0,2021-02-11 11:20:00
0.0,0.0,0.0,0.0,0.0,0.0,2021-02-11 11:25:00
0.0,0.0,0.0,0.0,0.0,0.0,2021-02-11 11:30:00
0.0,0.0,0.0,0.0,0.0,0.0,2021-02-11 11:35:00
0.0,0.0,0.0,0.0,0.0,0.0,2021-02-11 11:40:00
0.0,0.0,0.0,0.0,0.0,0.0,2021-02-11 11:45:00
0.0,0.0,0.0,0.0,0.0,0.0,2021-02-11 11:50:00
0.0,0.0,0.0,0.0,0.0,0.0,2021-02-11 11:55:00
0.0,0.0,0.0,0.0,0.0,0.0,2021-02-11 12:00:00
14.92,14.92,14.92,14.92,5.0,1.0,2021-02-11 12:05:00
0.0,0.0,0.0,0.0,0.0,0.0,2021-02-11 12:10:00
0.0,0.0,0.0,0.0,0.0,0.0,2021-02-11 12:15:00
14.0,14.0,14.0,14.0,1.0,1.0,2021-02-11 12:20:00
0.0,0.0,0.0,0.0,0.0,0.0,2021-02-11 12:25:00
0.0,0.0,0.0,0.0,0.0,0.0,2021-02-11 12:30:00
0.0,0.0,0.0,0.0,0.0,0.0,2021-02-11 12:35:00
0.0,0.0,0.0,0.0,0.0,0.0,2021-02-11 12:40:00
14.22,14.22,14.22,14.22,2.0,1.0,2021-02-11 12:45:00
0.0,0.0,0.0,0.0,0.0,0.0,2021-02-11 12:50:00
0.0,0.0,0.0,0.0,0.0,0.0,2021-02-11 12:55:00
0.0,0.0,0.0,0.0,0.0,0.0,2021-02-11 13:00:00
0.0,0.0,0.0,0.0,0.0,0.0,2021-02-11 13:05:00
0.0,0.0,0.0,0.0,0.0,0.0,2021-02-11 13:10:00
0.0,0.0,0.0,0.0,0.0,0.0,2021-02-11 13:15:00
14.7,14.7,14.7,14.7,1.0,1.0,2021-02-11 13:20:00
0.0,0.0,0.0,0.0,0.0,0.0,2021-02-11 13:25:00
0.0,0.0,0.0,0.0,0.0,0.0,2021-02-11 13:30:00
0.0,0.0,0.0,0.0,0.0,0.0,2021-02-11 13:35:00
15.25,15.25,15.25,15.25,1.0,1.0,2021-02-11 13:40:00
0.0,0.0,0.0,0.0,0.0,0.0,2021-02-11 13:45:00
0.0,0.0,0.0,0.0,0.0,0.0,2021-02-11 13:50:00
0.0,0.0,0.0,0.0,0.0,0.0,2021-02-11 13:55:00
0.0,0.0,0.0,0.0,0.0,0.0,2021-02-11 14:00:00
0.0,0.0,0.0,0.0,0.0,0.0,2021-02-11 14:05:00
0.0,0.0,0.0,0.0,0.0,0.0,2021-02-11 14:10:00
0.0,0.0,0.0,0.0,0.0,0.0,2021-02-11 14:15:00
0.0,0.0,0.0,0.0,0.0,0.0,2021-02-11 14:20:00
0.0,0.0,0.0,0.0,0.0,0.0,2021-02-11 14:25:00
0.0,0.0,0.0,0.0,0.0,0.0,2021-02-11 14:30:00
14.04,14.04,14.04,14.04,1.0,1.0,2021-02-11 14:35:00
0.0,0.0,0.0,0.0,0.0,0.0,2021-02-11 14:40:00
0.0,0.0,0.0,0.0,0.0,0.0,2021-02-11 14:45:00
0.0,0.0,0.0,0.0,0.0,0.0,2021-02-11 14:50:00
0.0,0.0,0.0,0.0,0.0,0.0,2021-02-11 14:55:00
0.0,0.0,0.0,0.0,0.0,0.0,2021-02-11 15:00:00
0.0,0.0,0.0,0.0,0.0,0.0,2021-02-11 15:05:00
0.0,0.0,0.0,0.0,0.0,0.0,2021-02-11 15:10:00
0.0,0.0,0.0,0.0,0.0,0.0,2021-02-11 15:15:00
0.0,0.0,0.0,0.0,0.0,0.0,2021-02-11 15:20:00
0.0,0.0,0.0,0.0,0.0,0.0,2021-02-11 15:25:00
0.0,0.0,0.0,0.0,0.0,0.0,2021-02-11 15:30:00
0.0,0.0,0.0,0.0,0.0,0.0,2021-02-11 15:35:00
13.79,13.79,13.79,13.79,4.0,1.0,2021-02-11 15:40:00
0.0,0.0,0.0,0.0,0.0,0.0,2021-02-11 15:45:00
0.0,0.0,0.0,0.0,0.0,0.0,2021-02-11 15:50:00
0.0,0.0,0.0,0.0,0.0,0.0,2021-02-11 15:55:00
11.6,11.6,10.15,10.15,8.0,4.0,2021-02-12 09:30:00
10.47,10.47,10.01,10.01,225.0,2.0,2021-02-12 09:35:00
11.7,11.7,11.7,11.7,1.0,1.0,2021-02-12 09:40:00
11.7,11.7,11.7,11.7,1.0,1.0,2021-02-12 09:45:00
0.0,0.0,0.0,0.0,0.0,0.0,2021-02-12 09:50:00
0.0,0.0,0.0,0.0,0.0,0.0,2021-02-12 09:55:00
0.0,0.0,0.0,0.0,0.0,0.0,2021-02-12 10:00:00
11.35,11.35,11.0,11.0,3.0,2.0,2021-02-12 10:05:00
0.0,0.0,0.0,0.0,0.0,0.0,2021-02-12 10:10:00
0.0,0.0,0.0,0.0,0.0,0.0,2021-02-12 10:15:00
0.0,0.0,0.0,0.0,0.0,0.0,2021-02-12 10:20:00
10.0,10.0,10.0,10.0,1.0,1.0,2021-02-12 10:25:00
0.0,0.0,0.0,0.0,0.0,0.0,2021-02-12 10:30:00
10.77,10.77,10.77,10.77,1.0,1.0,2021-02-12 10:35:00
0.0,0.0,0.0,0.0,0.0,0.0,2021-02-12 10:40:00
11.54,11.56,11.54,11.56,5.0,4.0,2021-02-12 10:45:00
11.55,11.65,11.55,11.55,3.0,3.0,2021-02-12 10:50:00
0.0,0.0,0.0,0.0,0.0,0.0,2021-02-12 10:55:00
11.07,11.07,11.07,11.07,1.0,1.0,2021-02-12 11:00:00
0.0,0.0,0.0,0.0,0.0,0.0,2021-02-12 11:05:00
12.1,12.1,12.1,12.1,1.0,1.0,2021-02-12 11:10:00
0.0,0.0,0.0,0.0,0.0,0.0,2021-02-12 11:15:00
0.0,0.0,0.0,0.0,0.0,0.0,2021-02-12 11:20:00
0.0,0.0,0.0,0.0,0.0,0.0,2021-02-12 11:25:00
0.0,0.0,0.0,0.0,0.0,0.0,2021-02-12 11:30:00
0.0,0.0,0.0,0.0,0.0,0.0,2021-02-12 11:35:00
0.0,0.0,0.0,0.0,0.0,0.0,2021-02-12 11:40:00
0.0,0.0,0.0,0.0,0.0,0.0,2021-02-12 11:45:00
0.0,0.0,0.0,0.0,0.0,0.0,2021-02-12 11:50:00
0.0,0.0,0.0,0.0,0.0,0.0,2021-02-12 11:55:00
0.0,0.0,0.0,0.0,0.0,0.0,2021-02-12 12:00:00
11.55,11.55,11.55,11.55,1.0,1.0,2021-02-12 12:05:00
0.0,0.0,0.0,0.0,0.0,0.0,2021-02-12 12:10:00
0.0,0.0,0.0,0.0,0.0,0.0,2021-02-12 12:15:00
0.0,0.0,0.0,0.0,0.0,0.0,2021-02-12 12:20:00
0.0,0.0,0.0,0.0,0.0,0.0,2021-02-12 12:25:00
0.0,0.0,0.0,0.0,0.0,0.0,2021-02-12 12:30:00
0.0,0.0,0.0,0.0,0.0,0.0,2021-02-12 12:35:00
11.1,11.1,11.1,11.1,2.0,2.0,2021-02-12 12:40:00
0.0,0.0,0.0,0.0,0.0,0.0,2021-02-12 12:45:00
11.3,11.3,11.3,11.3,1.0,1.0,2021-02-12 12:50:00
0.0,0.0,0.0,0.0,0.0,0.0,2021-02-12 12:55:00
0.0,0.0,0.0,0.0,0.0,0.0,2021-02-12 13:00:00
0.0,0.0,0.0,0.0,0.0,0.0,2021-02-12 13:05:00
0.0,0.0,0.0,0.0,0.0,0.0,2021-02-12 13:10:00
0.0,0.0,0.0,0.0,0.0,0.0,2021-02-12 13:15:00
0.0,0.0,0.0,0.0,0.0,0.0,2021-02-12 13:20:00
0.0,0.0,0.0,0.0,0.0,0.0,2021-02-12 13:25:00
0.0,0.0,0.0,0.0,0.0,0.0,2021-02-12 13:30:00
0.0,0.0,0.0,0.0,0.0,0.0,2021-02-12 13:35:00
10.95,10.95,10.95,10.95,1.0,1.0,2021-02-12 13:40:00
0.0,0.0,0.0,0.0,0.0,0.0,2021-02-12 13:45:00
0.0,0.0,0.0,0.0,0.0,0.0,2021-02-12 13:50:00
10.35,10.35,10.35,10.35,1.0,1.0,2021-02-12 13:55:00
10.12,10.12,10.12,10.12,1.0,1.0,2021-02-12 14:00:00
0.0,0.0,0.0,0.0,0.0,0.0,2021-02-12 14:05:00
0.0,0.0,0.0,0.0,0.0,0.0,2021-02-12 14:10:00
0.0,0.0,0.0,0.0,0.0,0.0,2021-02-12 14:15:00
0.0,0.0,0.0,0.0,0.0,0.0,2021-02-12 14:20:00
0.0,0.0,0.0,0.0,0.0,0.0,2021-02-12 14:25:00
0.0,0.0,0.0,0.0,0.0,0.0,2021-02-12 14:30:00
0.0,0.0,0.0,0.0,0.0,0.0,2021-02-12 14:35:00
0.0,0.0,0.0,0.0,0.0,0.0,2021-02-12 14:40:00
0.0,0.0,0.0,0.0,0.0,0.0,2021-02-12 14:45:00
10.24,10.3,10.24,10.3,2.0,2.0,2021-02-12 14:50:00
0.0,0.0,0.0,0.0,0.0,0.0,2021-02-12 14:55:00
0.0,0.0,0.0,0.0,0.0,0.0,2021-02-12 15:00:00
10.13,10.13,10.13,10.13,1.0,1.0,2021-02-12 15:05:00
0.0,0.0,0.0,0.0,0.0,0.0,2021-02-12 15:10:00
0.0,0.0,0.0,0.0,0.0,0.0,2021-02-12 15:15:00
10.3,10.3,10.3,10.3,2.0,1.0,2021-02-12 15:20:00
10.7,10.7,10.7,10.7,5.0,1.0,2021-02-12 15:25:00
0.0,0.0,0.0,0.0,0.0,0.0,2021-02-12 15:30:00
12.78,12.78,12.78,12.78,1.0,1.0,2021-02-12 15:35:00
13.29,13.29,13.29,13.29,1.0,1.0,2021-02-12 15:40:00
13.13,13.13,13.13,13.13,1.0,1.0,2021-02-12 15:45:00
0.0,0.0,0.0,0.0,0.0,0.0,2021-02-12 15:50:00
0.0,0.0,0.0,0.0,0.0,0.0,2021-02-12 15:55:00
13.0,13.0,12.5,12.5,3.0,3.0,2021-02-16 09:30:00
11.6,11.6,11.6,11.6,1.0,1.0,2021-02-16 09:35:00
10.71,10.71,10.71,10.71,1.0,1.0,2021-02-16 09:40:00
10.95,10.95,10.95,10.95,1.0,1.0,2021-02-16 09:45:00
11.0,11.0,11.0,11.0,1.0,1.0,2021-02-16 09:50:00
0.0,0.0,0.0,0.0,0.0,0.0,2021-02-16 09:55:00
11.05,11.05,11.05,11.05,1.0,1.0,2021-02-16 10:00:00
10.6,10.6,10.6,10.6,1.0,1.0,2021-02-16 10:05:00
0.0,0.0,0.0,0.0,0.0,0.0,2021-02-16 10:10:00
0.0,0.0,0.0,0.0,0.0,0.0,2021-02-16 10:15:00
9.82,9.82,9.8,9.8,2.0,2.0,2021-02-16 10:20:00
9.9,9.9,9.9,9.9,1.0,1.0,2021-02-16 10:25:00
9.75,9.75,9.75,9.75,2.0,1.0,2021-02-16 10:30:00
0.0,0.0,0.0,0.0,0.0,0.0,2021-02-16 10:35:00
0.0,0.0,0.0,0.0,0.0,0.0,2021-02-16 10:40:00
0.0,0.0,0.0,0.0,0.0,0.0,2021-02-16 10:45:00
0.0,0.0,0.0,0.0,0.0,0.0,2021-02-16 10:50:00
0.0,0.0,0.0,0.0,0.0,0.0,2021-02-16 10:55:00
8.58,8.58,8.58,8.58,1.0,1.0,2021-02-16 11:00:00
8.35,8.37,8.35,8.37,3.0,3.0,2021-02-16 11:05:00
8.15,8.15,8.11,8.11,2.0,2.0,2021-02-16 11:10:00
0.0,0.0,0.0,0.0,0.0,0.0,2021-02-16 11:15:00
0.0,0.0,0.0,0.0,0.0,0.0,2021-02-16 11:20:00
0.0,0.0,0.0,0.0,0.0,0.0,2021-02-16 11:25:00
7.51,7.51,7.51,7.51,1.0,1.0,2021-02-16 11:30:00
7.81,7.95,7.81,7.95,4.0,3.0,2021-02-16 11:35:00
8.05,8.05,8.05,8.05,1.0,1.0,2021-02-16 11:40:00
7.0,7.0,7.0,7.0,2.0,1.0,2021-02-16 11:45:00
6.6,6.6,6.5,6.5,6.0,4.0,2021-02-16 11:50:00
0.0,0.0,0.0,0.0,0.0,0.0,2021-02-16 11:55:00
6.65,6.65,6.65,6.65,6.0,6.0,2021-02-16 12:00:00
0.0,0.0,0.0,0.0,0.0,0.0,2021-02-16 12:05:00
6.3,6.3,6.3,6.3,1.0,1.0,2021-02-16 12:10:00
6.45,6.45,6.45,6.45,1.0,1.0,2021-02-16 12:15:00
6.8,6.8,6.8,6.8,1.0,1.0,2021-02-16 12:20:00
0.0,0.0,0.0,0.0,0.0,0.0,2021-02-16 12:25:00
7.15,7.15,7.15,7.15,2.0,1.0,2021-02-16 12:30:00
6.8,6.8,6.8,6.8,1.0,1.0,2021-02-16 12:35:00
0.0,0.0,0.0,0.0,0.0,0.0,2021-02-16 12:40:00
7.0,7.0,7.0,7.0,1.0,1.0,2021-02-16 12:45:00
0.0,0.0,0.0,0.0,0.0,0.0,2021-02-16 12:50:00
0.0,0.0,0.0,0.0,0.0,0.0,2021-02-16 12:55:00
0.0,0.0,0.0,0.0,0.0,0.0,2021-02-16 13:00:00
0.0,0.0,0.0,0.0,0.0,0.0,2021-02-16 13:05:00
0.0,0.0,0.0,0.0,0.0,0.0,2021-02-16 13:10:00
0.0,0.0,0.0,0.0,0.0,0.0,2021-02-16 13:15:00
0.0,0.0,0.0,0.0,0.0,0.0,2021-02-16 13:20:00
0.0,0.0,0.0,0.0,0.0,0.0,2021-02-16 13:25:00
0.0,0.0,0.0,0.0,0.0,0.0,2021-02-16 13:30:00
7.2,7.2,7.2,7.2,1.0,1.0,2021-02-16 13:35:00
0.0,0.0,0.0,0.0,0.0,0.0,2021-02-16 13:40:00
0.0,0.0,0.0,0.0,0.0,0.0,2021-02-16 13:45:00
0.0,0.0,0.0,0.0,0.0,0.0,2021-02-16 13:50:00
0.0,0.0,0.0,0.0,0.0,0.0,2021-02-16 13:55:00
0.0,0.0,0.0,0.0,0.0,0.0,2021-02-16 14:00:00
6.95,6.95,6.95,6.95,1.0,1.0,2021-02-16 14:05:00
0.0,0.0,0.0,0.0,0.0,0.0,2021-02-16 14:10:00
0.0,0.0,0.0,0.0,0.0,0.0,2021-02-16 14:15:00
7.0,7.0,6.96,7.0,15.0,5.0,2021-02-16 14:20:00
7.13,7.13,6.9,6.9,21.0,6.0,2021-02-16 14:25:00
0.0,0.0,0.0,0.0,0.0,0.0,2021-02-16 14:30:00
7.1,7.1,7.1,7.1,1.0,1.0,2021-02-16 14:35:00
0.0,0.0,0.0,0.0,0.0,0.0,2021-02-16 14:40:00
0.0,0.0,0.0,0.0,0.0,0.0,2021-02-16 14:45:00
6.7,6.7,6.7,6.7,1.0,1.0,2021-02-16 14:50:00
0.0,0.0,0.0,0.0,0.0,0.0,2021-02-16 14:55:00
0.0,0.0,0.0,0.0,0.0,0.0,2021-02-16 15:00:00
0.0,0.0,0.0,0.0,0.0,0.0,2021-02-16 15:05:00
6.47,6.47,6.47,6.47,1.0,1.0,2021-02-16 15:10:00
6.59,6.8,6.59,6.8,4.0,2.0,2021-02-16 15:15:00
0.0,0.0,0.0,0.0,0.0,0.0,2021-02-16 15:20:00
6.77,6.77,6.77,6.77,1.0,1.0,2021-02-16 15:25:00
6.65,6.65,6.65,6.65,2.0,2.0,2021-02-16 15:30:00
6.7,6.7,6.7,6.7,3.0,3.0,2021-02-16 15:35:00
6.77,6.83,6.74,6.83,63.0,30.0,2021-02-16 15:40:00
6.93,6.93,6.86,6.88,4.0,4.0,2021-02-16 15:45:00
6.65,6.65,6.65,6.65,1.0,1.0,2021-02-16 15:50:00
6.72,6.85,6.72,6.85,2.0,2.0,2021-02-16 15:55:00
3.6,3.75,3.6,3.75,2.0,2.0,2021-02-17 09:30:00
4.0,4.0,3.9,3.9,3.0,3.0,2021-02-17 09:35:00
4.15,4.15,3.95,3.95,2.0,2.0,2021-02-17 09:40:00
4.33,4.33,4.1,4.1,33.0,3.0,2021-02-17 09:45:00
4.55,4.57,4.55,4.57,14.0,3.0,2021-02-17 09:50:00
4.65,4.9,4.65,4.9,7.0,4.0,2021-02-17 09:55:00
0.0,0.0,0.0,0.0,0.0,0.0,2021-02-17 10:00:00
4.9,4.9,4.9,4.9,1.0,1.0,2021-02-17 10:05:00
4.8,4.8,4.5,4.55,4.0,3.0,2021-02-17 10:10:00
4.3,4.3,4.3,4.3,1.0,1.0,2021-02-17 10:15:00
3.95,4.0,3.9,3.9,3.0,3.0,2021-02-17 10:20:00
3.85,3.9,3.75,3.75,22.0,3.0,2021-02-17 10:25:00
3.7,3.7,3.7,3.7,1.0,1.0,2021-02-17 10:30:00
3.8,3.8,3.8,3.8,1.0,1.0,2021-02-17 10:35:00
3.55,3.55,3.55,3.55,1.0,1.0,2021-02-17 10:40:00
0.0,0.0,0.0,0.0,0.0,0.0,2021-02-17 10:45:00
0.0,0.0,0.0,0.0,0.0,0.0,2021-02-17 10:50:00
3.5,3.6,3.5,3.6,10.0,4.0,2021-02-17 10:55:00
3.25,3.25,3.25,3.25,1.0,1.0,2021-02-17 11:00:00
0.0,0.0,0.0,0.0,0.0,0.0,2021-02-17 11:05:00
3.19,3.19,3.1,3.1,11.0,2.0,2021-02-17 11:10:00
3.0,3.0,2.95,2.95,2.0,2.0,2021-02-17 11:15:00
3.05,3.05,3.05,3.05,1.0,1.0,2021-02-17 11:20:00
2.95,2.95,2.95,2.95,2.0,1.0,2021-02-17 11:25:00
0.0,0.0,0.0,0.0,0.0,0.0,2021-02-17 11:30:00
3.1,3.1,3.05,3.05,2.0,2.0,2021-02-17 11:35:00
2.99,2.99,2.99,2.99,1.0,1.0,2021-02-17 11:40:00
0.0,0.0,0.0,0.0,0.0,0.0,2021-02-17 11:45:00
0.0,0.0,0.0,0.0,0.0,0.0,2021-02-17 11:50:00
0.0,0.0,0.0,0.0,0.0,0.0,2021-02-17 11:55:00
0.0,0.0,0.0,0.0,0.0,0.0,2021-02-17 12:00:00
3.3,3.3,3.3,3.3,5.0,1.0,2021-02-17 12:05:00
0.0,0.0,0.0,0.0,0.0,0.0,2021-02-17 12:10:00
3.5,3.5,3.45,3.45,4.0,2.0,2021-02-17 12:15:00
0.0,0.0,0.0,0.0,0.0,0.0,2021-02-17 12:20:00
3.25,3.25,3.25,3.25,2.0,2.0,2021-02-17 12:25:00
0.0,0.0,0.0,0.0,0.0,0.0,2021-02-17 12:30:00
3.6,3.65,3.6,3.6,3.0,3.0,2021-02-17 12:35:00
0.0,0.0,0.0,0.0,0.0,0.0,2021-02-17 12:40:00
3.65,3.7,3.65,3.7,6.0,2.0,2021-02-17 12:45:00
0.0,0.0,0.0,0.0,0.0,0.0,2021-02-17 12:50:00
0.0,0.0,0.0,0.0,0.0,0.0,2021-02-17 12:55:00
3.9,3.9,3.9,3.9,1.0,1.0,2021-02-17 13:00:00
3.9,3.9,3.9,3.9,1.0,1.0,2021-02-17 13:05:00
0.0,0.0,0.0,0.0,0.0,0.0,2021-02-17 13:10:00
0.0,0.0,0.0,0.0,0.0,0.0,2021-02-17 13:15:00
3.9,3.9,3.84,3.84,2.0,2.0,2021-02-17 13:20:00
0.0,0.0,0.0,0.0,0.0,0.0,2021-02-17 13:25:00
0.0,0.0,0.0,0.0,0.0,0.0,2021-02-17 13:30:00
0.0,0.0,0.0,0.0,0.0,0.0,2021-02-17 13:35:00
0.0,0.0,0.0,0.0,0.0,0.0,2021-02-17 13:40:00
0.0,0.0,0.0,0.0,0.0,0.0,2021-02-17 13:45:00
0.0,0.0,0.0,0.0,0.0,0.0,2021-02-17 13:50:00
3.9,4.11,3.9,4.11,3.0,2.0,2021-02-17 13:55:00
0.0,0.0,0.0,0.0,0.0,0.0,2021-02-17 14:00:00
0.0,0.0,0.0,0.0,0.0,0.0,2021-02-17 14:05:00
0.0,0.0,0.0,0.0,0.0,0.0,2021-02-17 14:10:00
0.0,0.0,0.0,0.0,0.0,0.0,2021-02-17 14:15:00
0.0,0.0,0.0,0.0,0.0,0.0,2021-02-17 14:20:00
4.1,4.1,4.1,4.1,1.0,1.0,2021-02-17 14:25:00
4.9,5.0,4.9,5.0,2.0,2.0,2021-02-17 14:30:00
5.5,5.5,5.5,5.5,1.0,1.0,2021-02-17 14:35:00
0.0,0.0,0.0,0.0,0.0,0.0,2021-02-17 14:40:00
0.0,0.0,0.0,0.0,0.0,0.0,2021-02-17 14:45:00
0.0,0.0,0.0,0.0,0.0,0.0,2021-02-17 14:50:00
5.5,5.5,5.45,5.5,3.0,3.0,2021-02-17 14:55:00
0.0,0.0,0.0,0.0,0.0,0.0,2021-02-17 15:00:00
0.0,0.0,0.0,0.0,0.0,0.0,2021-02-17 15:05:00
5.25,5.25,5.25,5.25,1.0,1.0,2021-02-17 15:10:00
0.0,0.0,0.0,0.0,0.0,0.0,2021-02-17 15:15:00
0.0,0.0,0.0,0.0,0.0,0.0,2021-02-17 15:20:00
6.0,6.0,6.0,6.0,1.0,1.0,2021-02-17 15:25:00
0.0,0.0,0.0,0.0,0.0,0.0,2021-02-17 15:30:00
0.0,0.0,0.0,0.0,0.0,0.0,2021-02-17 15:35:00
0.0,0.0,0.0,0.0,0.0,0.0,2021-02-17 15:40:00
6.0,6.09,6.0,6.09,50.0,13.0,2021-02-17 15:45:00
0.0,0.0,0.0,0.0,0.0,0.0,2021-02-17 15:50:00
6.11,6.3,6.11,6.3,8.0,4.0,2021-02-17 15:55:00
4.25,4.25,3.9,3.9,3.0,2.0,2021-02-18 09:30:00
0.0,0.0,0.0,0.0,0.0,0.0,2021-02-18 09:35:00
4.46,4.46,4.46,4.46,1.0,1.0,2021-02-18 09:40:00
5.45,5.45,5.45,5.45,1.0,1.0,2021-02-18 09:45:00
0.0,0.0,0.0,0.0,0.0,0.0,2021-02-18 09:50:00
0.0,0.0,0.0,0.0,0.0,0.0,2021-02-18 09:55:00
4.2,4.2,4.18,4.18,3.0,2.0,2021-02-18 10:00:00
0.0,0.0,0.0,0.0,0.0,0.0,2021-02-18 10:05:00
0.0,0.0,0.0,0.0,0.0,0.0,2021-02-18 10:10:00
3.5,3.5,3.5,3.5,1.0,1.0,2021-02-18 10:15:00
0.0,0.0,0.0,0.0,0.0,0.0,2021-02-18 10:20:00
3.35,3.35,3.35,3.35,7.0,5.0,2021-02-18 10:25:00
3.76,3.76,3.76,3.76,2.0,1.0,2021-02-18 10:30:00
3.8,3.8,3.75,3.75,2.0,2.0,2021-02-18 10:35:00
3.9,3.9,3.9,3.9,1.0,1.0,2021-02-18 10:40:00
3.6,3.6,3.6,3.6,55.0,1.0,2021-02-18 10:45:00
0.0,0.0,0.0,0.0,0.0,0.0,2021-02-18 10:50:00
0.0,0.0,0.0,0.0,0.0,0.0,2021-02-18 10:55:00
0.0,0.0,0.0,0.0,0.0,0.0,2021-02-18 11:00:00
0.0,0.0,0.0,0.0,0.0,0.0,2021-02-18 11:05:00
0.0,0.0,0.0,0.0,0.0,0.0,2021-02-18 11:10:00
4.05,4.05,4.05,4.05,5.0,2.0,2021-02-18 11:15:00
4.2,4.2,4.2,4.2,1.0,1.0,2021-02-18 11:20:00
0.0,0.0,0.0,0.0,0.0,0.0,2021-02-18 11:25:00
4.04,4.04,4.04,4.04,1.0,1.0,2021-02-18 11:30:00
4.5,4.5,4.5,4.5,1.0,1.0,2021-02-18 11:35:00
4.3,4.3,4.3,4.3,1.0,1.0,2021-02-18 11:40:00
0.0,0.0,0.0,0.0,0.0,0.0,2021-02-18 11:45:00
4.0,4.0,3.9,3.9,2.0,2.0,2021-02-18 11:50:00
0.0,0.0,0.0,0.0,0.0,0.0,2021-02-18 11:55:00
0.0,0.0,0.0,0.0,0.0,0.0,2021-02-18 12:00:00
0.0,0.0,0.0,0.0,0.0,0.0,2021-02-18 12:05:00
0.0,0.0,0.0,0.0,0.0,0.0,2021-02-18 12:10:00
0.0,0.0,0.0,0.0,0.0,0.0,2021-02-18 12:15:00
0.0,0.0,0.0,0.0,0.0,0.0,2021-02-18 12:20:00
3.9,3.9,3.9,3.9,1.0,1.0,2021-02-18 12:25:00
0.0,0.0,0.0,0.0,0.0,0.0,2021-02-18 12:30:00
3.6,3.6,3.6,3.6,2.0,1.0,2021-02-18 12:35:00
0.0,0.0,0.0,0.0,0.0,0.0,2021-02-18 12:40:00
0.0,0.0,0.0,0.0,0.0,0.0,2021-02-18 12:45:00
0.0,0.0,0.0,0.0,0.0,0.0,2021-02-18 12:50:00
0.0,0.0,0.0,0.0,0.0,0.0,2021-02-18 12:55:00
3.4,3.4,3.4,3.4,1.0,1.0,2021-02-18 13:00:00
0.0,0.0,0.0,0.0,0.0,0.0,2021-02-18 13:05:00
3.4,3.4,3.4,3.4,1.0,1.0,2021-02-18 13:10:00
3.35,3.35,3.35,3.35,50.0,1.0,2021-02-18 13:15:00
0.0,0.0,0.0,0.0,0.0,0.0,2021-02-18 13:20:00
0.0,0.0,0.0,0.0,0.0,0.0,2021-02-18 13:25:00
0.0,0.0,0.0,0.0,0.0,0.0,2021-02-18 13:30:00
0.0,0.0,0.0,0.0,0.0,0.0,2021-02-18 13:35:00
0.0,0.0,0.0,0.0,0.0,0.0,2021-02-18 13:40:00
0.0,0.0,0.0,0.0,0.0,0.0,2021-02-18 13:45:00
0.0,0.0,0.0,0.0,0.0,0.0,2021-02-18 13:50:00
0.0,0.0,0.0,0.0,0.0,0.0,2021-02-18 13:55:00
0.0,0.0,0.0,0.0,0.0,0.0,2021-02-18 14:00:00
0.0,0.0,0.0,0.0,0.0,0.0,2021-02-18 14:05:00
0.0,0.0,0.0,0.0,0.0,0.0,2021-02-18 14:10:00
3.7,3.7,3.7,3.7,1.0,1.0,2021-02-18 14:15:00
0.0,0.0,0.0,0.0,0.0,0.0,2021-02-18 14:20:00
0.0,0.0,0.0,0.0,0.0,0.0,2021-02-18 14:25:00
0.0,0.0,0.0,0.0,0.0,0.0,2021-02-18 14:30:00
3.64,3.64,3.64,3.64,1.0,1.0,2021-02-18 14:35:00
0.0,0.0,0.0,0.0,0.0,0.0,2021-02-18 14:40:00
0.0,0.0,0.0,0.0,0.0,0.0,2021-02-18 14:45:00
0.0,0.0,0.0,0.0,0.0,0.0,2021-02-18 14:50:00
0.0,0.0,0.0,0.0,0.0,0.0,2021-02-18 14:55:00
3.95,3.95,3.95,3.95,10.0,4.0,2021-02-18 15:00:00
4.05,4.05,4.05,4.05,4.0,1.0,2021-02-18 15:05:00
4.0,4.0,4.0,4.0,1.0,1.0,2021-02-18 15:10:00
0.0,0.0,0.0,0.0,0.0,0.0,2021-02-18 15:15:00
0.0,0.0,0.0,0.0,0.0,0.0,2021-02-18 15:20:00
3.98,3.98,3.98,3.98,1.0,1.0,2021-02-18 15:25:00
0.0,0.0,0.0,0.0,0.0,0.0,2021-02-18 15:30:00
0.0,0.0,0.0,0.0,0.0,0.0,2021-02-18 15:35:00
0.0,0.0,0.0,0.0,0.0,0.0,2021-02-18 15:40:00
3.52,3.52,3.52,3.52,1.0,1.0,2021-02-18 15:45:00
3.26,3.26,3.19,3.19,2.0,2.0,2021-02-18 15:50:00
0.0,0.0,0.0,0.0,0.0,0.0,2021-02-18 15:55:00
3.7,3.7,3.55,3.55,3.0,3.0,2021-02-19 09:30:00
0.0,0.0,0.0,0.0,0.0,0.0,2021-02-19 09:35:00
3.15,3.15,3.05,3.05,4.0,3.0,2021-02-19 09:40:00
0.0,0.0,0.0,0.0,0.0,0.0,2021-02-19 09:45:00
0.0,0.0,0.0,0.0,0.0,0.0,2021-02-19 09:50:00
2.73,2.74,2.73,2.73,3.0,3.0,2021-02-19 09:55:00
0.0,0.0,0.0,0.0,0.0,0.0,2021-02-19 10:00:00
2.45,2.45,2.45,2.45,1.0,1.0,2021-02-19 10:05:00
2.35,2.35,2.35,2.35,10.0,1.0,2021-02-19 10:10:00
0.0,0.0,0.0,0.0,0.0,0.0,2021-02-19 10:15:00
2.2,2.25,2.2,2.25,2.0,2.0,2021-02-19 10:20:00
2.19,2.19,2.19,2.19,1.0,1.0,2021-02-19 10:25:00
0.0,0.0,0.0,0.0,0.0,0.0,2021-02-19 10:30:00
0.0,0.0,0.0,0.0,0.0,0.0,2021-02-19 10:35:00
2.27,2.3,2.27,2.3,4.0,2.0,2021-02-19 10:40:00
0.0,0.0,0.0,0.0,0.0,0.0,2021-02-19 10:45:00
0.0,0.0,0.0,0.0,0.0,0.0,2021-02-19 10:50:00
0.0,0.0,0.0,0.0,0.0,0.0,2021-02-19 10:55:00
0.0,0.0,0.0,0.0,0.0,0.0,2021-02-19 11:00:00
0.0,0.0,0.0,0.0,0.0,0.0,2021-02-19 11:05:00
0.0,0.0,0.0,0.0,0.0,0.0,2021-02-19 11:10:00
0.0,0.0,0.0,0.0,0.0,0.0,2021-02-19 11:15:00
2.23,2.23,2.23,2.23,4.0,1.0,2021-02-19 11:20:00
2.24,2.24,2.24,2.24,1.0,1.0,2021-02-19 11:25:00
0.0,0.0,0.0,0.0,0.0,0.0,2021-02-19 11:30:00
2.15,2.15,2.15,2.15,1.0,1.0,2021-02-19 11:35:00
2.25,2.25,2.25,2.25,25.0,1.0,2021-02-19 11:40:00
0.0,0.0,0.0,0.0,0.0,0.0,2021-02-19 11:45:00
2.03,2.03,2.03,2.03,1.0,1.0,2021-02-19 11:50:00
0.0,0.0,0.0,0.0,0.0,0.0,2021-02-19 11:55:00
2.02,2.02,2.02,2.02,2.0,1.0,2021-02-19 12:00:00
0.0,0.0,0.0,0.0,0.0,0.0,2021-02-19 12:05:00
0.0,0.0,0.0,0.0,0.0,0.0,2021-02-19 12:10:00
2.0,2.0,2.0,2.0,1.0,1.0,2021-02-19 12:15:00
0.0,0.0,0.0,0.0,0.0,0.0,2021-02-19 12:20:00
0.0,0.0,0.0,0.0,0.0,0.0,2021-02-19 12:25:00
2.08,2.08,2.08,2.08,10.0,1.0,2021-02-19 12:30:00
0.0,0.0,0.0,0.0,0.0,0.0,2021-02-19 12:35:00
1.81,1.81,1.79,1.79,24.0,4.0,2021-02-19 12:40:00
1.78,1.78,1.76,1.76,2.0,2.0,2021-02-19 12:45:00
1.69,1.69,1.65,1.65,35.0,7.0,2021-02-19 12:50:00
0.0,0.0,0.0,0.0,0.0,0.0,2021-02-19 12:55:00
0.0,0.0,0.0,0.0,0.0,0.0,2021-02-19 13:00:00
0.0,0.0,0.0,0.0,0.0,0.0,2021-02-19 13:05:00
1.84,1.84,1.84,1.84,1.0,1.0,2021-02-19 13:10:00
0.0,0.0,0.0,0.0,0.0,0.0,2021-02-19 13:15:00
0.0,0.0,0.0,0.0,0.0,0.0,2021-02-19 13:20:00
0.0,0.0,0.0,0.0,0.0,0.0,2021-02-19 13:25:00
0.0,0.0,0.0,0.0,0.0,0.0,2021-02-19 13:30:00
1.77,1.77,1.77,1.77,1.0,1.0,2021-02-19 13:35:00
1.61,1.65,1.61,1.65,4.0,3.0,2021-02-19 13:40:00
0.0,0.0,0.0,0.0,0.0,0.0,2021-02-19 13:45:00
1.52,1.59,1.52,1.59,2.0,2.0,2021-02-19 13:50:00
0.0,0.0,0.0,0.0,0.0,0.0,2021-02-19 13:55:00
0.0,0.0,0.0,0.0,0.0,0.0,2021-02-19 14:00:00
0.0,0.0,0.0,0.0,0.0,0.0,2021-02-19 14:05:00
1.55,1.55,1.55,1.55,2.0,1.0,2021-02-19 14:10:00
1.51,1.51,1.51,1.51,2.0,1.0,2021-02-19 14:15:00
0.0,0.0,0.0,0.0,0.0,0.0,2021-02-19 14:20:00
1.47,1.47,1.47,1.47,1.0,1.0,2021-02-19 14:25:00
1.44,1.44,1.44,1.44,20.0,1.0,2021-02-19 14:30:00
1.46,1.46,1.46,1.46,2.0,2.0,2021-02-19 14:35:00
1.44,1.44,1.44,1.44,10.0,3.0,2021-02-19 14:40:00
1.5,1.52,1.5,1.52,10.0,7.0,2021-02-19 14:45:00
1.53,1.57,1.53,1.57,21.0,11.0,2021-02-19 14:50:00
1.57,1.57,1.55,1.55,40.0,9.0,2021-02-19 14:55:00
0.0,0.0,0.0,0.0,0.0,0.0,2021-02-19 15:00:00
0.0,0.0,0.0,0.0,0.0,0.0,2021-02-19 15:05:00
0.0,0.0,0.0,0.0,0.0,0.0,2021-02-19 15:10:00
1.33,1.34,1.33,1.34,2.0,2.0,2021-02-19 15:15:00
0.0,0.0,0.0,0.0,0.0,0.0,2021-02-19 15:20:00
0.0,0.0,0.0,0.0,0.0,0.0,2021-02-19 15:25:00
0.0,0.0,0.0,0.0,0.0,0.0,2021-02-19 15:30:00
0.0,0.0,0.0,0.0,0.0,0.0,2021-02-19 15:35:00
1.25,1.25,1.25,1.25,11.0,1.0,2021-02-19 15:40:00
0.0,0.0,0.0,0.0,0.0,0.0,2021-02-19 15:45:00
1.27,1.27,1.27,1.27,5.0,3.0,2021-02-19 15:50:00
1.3,1.3,1.3,1.3,1.0,1.0,2021-02-19 15:55:00
0.86,0.86,0.72,0.72,2.0,2.0,2021-02-22 09:30:00
0.71,0.72,0.71,0.72,3.0,2.0,2021-02-22 09:35:00
0.71,0.71,0.71,0.71,1.0,1.0,2021-02-22 09:40:00
0.72,0.72,0.72,0.72,1.0,1.0,2021-02-22 09:45:00
0.61,0.61,0.57,0.57,3.0,3.0,2021-02-22 09:50:00
0.56,0.56,0.53,0.53,2.0,2.0,2021-02-22 09:55:00
0.0,0.0,0.0,0.0,0.0,0.0,2021-02-22 10:00:00
0.51,0.51,0.51,0.51,16.0,7.0,2021-02-22 10:05:00
0.5,0.51,0.5,0.51,2.0,2.0,2021-02-22 10:10:00
0.52,0.52,0.52,0.52,1.0,1.0,2021-02-22 10:15:00
0.56,0.56,0.56,0.56,1.0,1.0,2021-02-22 10:20:00
0.0,0.0,0.0,0.0,0.0,0.0,2021-02-22 10:25:00
0.5,0.5,0.5,0.5,1.0,1.0,2021-02-22 10:30:00
0.58,0.58,0.53,0.53,65.0,4.0,2021-02-22 10:35:00
0.54,0.55,0.54,0.55,2.0,2.0,2021-02-22 10:40:00
0.63,0.63,0.63,0.63,1.0,1.0,2021-02-22 10:45:00
0.0,0.0,0.0,0.0,0.0,0.0,2021-02-22 10:50:00
0.55,0.55,0.54,0.54,4.0,3.0,2021-02-22 10:55:00
0.51,0.51,0.51,0.51,1.0,1.0,2021-02-22 11:00:00
0.0,0.0,0.0,0.0,0.0,0.0,2021-02-22 11:05:00
0.56,0.56,0.56,0.56,1.0,1.0,2021-02-22 11:10:00
0.53,0.57,0.53,0.57,4.0,2.0,2021-02-22 11:15:00
0.5,0.5,0.5,0.5,2.0,1.0,2021-02-22 11:20:00
0.54,0.54,0.47,0.47,2.0,2.0,2021-02-22 11:25:00
0.49,0.49,0.49,0.49,1.0,1.0,2021-02-22 11:30:00
0.0,0.0,0.0,0.0,0.0,0.0,2021-02-22 11:35:00
0.0,0.0,0.0,0.0,0.0,0.0,2021-02-22 11:40:00
0.0,0.0,0.0,0.0,0.0,0.0,2021-02-22 11:45:00
0.0,0.0,0.0,0.0,0.0,0.0,2021-02-22 11:50:00
0.0,0.0,0.0,0.0,0.0,0.0,2021-02-22 11:55:00
0.0,0.0,0.0,0.0,0.0,0.0,2021-02-22 12:00:00
0.0,0.0,0.0,0.0,0.0,0.0,2021-02-22 12:05:00
0.0,0.0,0.0,0.0,0.0,0.0,2021-02-22 12:10:00
0.0,0.0,0.0,0.0,0.0,0.0,2021-02-22 12:15:00
0.0,0.0,0.0,0.0,0.0,0.0,2021-02-22 12:20:00
0.0,0.0,0.0,0.0,0.0,0.0,2021-02-22 12:25:00
0.0,0.0,0.0,0.0,0.0,0.0,2021-02-22 12:30:00
0.0,0.0,0.0,0.0,0.0,0.0,2021-02-22 12:35:00
0.0,0.0,0.0,0.0,0.0,0.0,2021-02-22 12:40:00
0.0,0.0,0.0,0.0,0.0,0.0,2021-02-22 12:45:00
0.0,0.0,0.0,0.0,0.0,0.0,2021-02-22 12:50:00
0.55,0.55,0.55,0.55,1.0,1.0,2021-02-22 12:55:00
0.0,0.0,0.0,0.0,0.0,0.0,2021-02-22 13:00:00
0.0,0.0,0.0,0.0,0.0,0.0,2021-02-22 13:05:00
0.0,0.0,0.0,0.0,0.0,0.0,2021-02-22 13:10:00
0.0,0.0,0.0,0.0,0.0,0.0,2021-02-22 13:15:00
0.54,0.55,0.54,0.55,3.0,2.0,2021-02-22 13:20:00
0.0,0.0,0.0,0.0,0.0,0.0,2021-02-22 13:25:00
0.0,0.0,0.0,0.0,0.0,0.0,2021-02-22 13:30:00
0.55,0.55,0.55,0.55,2.0,1.0,2021-02-22 13:35:00
0.0,0.0,0.0,0.0,0.0,0.0,2021-02-22 13:40:00
0.0,0.0,0.0,0.0,0.0,0.0,2021-02-22 13:45:00
0.0,0.0,0.0,0.0,0.0,0.0,2021-02-22 13:50:00
0.0,0.0,0.0,0.0,0.0,0.0,2021-02-22 13:55:00
0.0,0.0,0.0,0.0,0.0,0.0,2021-02-22 14:00:00
0.55,0.55,0.51,0.51,2.0,2.0,2021-02-22 14:05:00
0.0,0.0,0.0,0.0,0.0,0.0,2021-02-22 14:10:00
0.0,0.0,0.0,0.0,0.0,0.0,2021-02-22 14:15:00
0.0,0.0,0.0,0.0,0.0,0.0,2021-02-22 14:20:00
0.48,0.48,0.48,0.48,1.0,1.0,2021-02-22 14:25:00
0.0,0.0,0.0,0.0,0.0,0.0,2021-02-22 14:30:00
0.0,0.0,0.0,0.0,0.0,0.0,2021-02-22 14:35:00
0.0,0.0,0.0,0.0,0.0,0.0,2021-02-22 14:40:00
0.0,0.0,0.0,0.0,0.0,0.0,2021-02-22 14:45:00
0.45,0.45,0.41,0.41,15.0,3.0,2021-02-22 14:50:00
0.0,0.0,0.0,0.0,0.0,0.0,2021-02-22 14:55:00
0.48,0.48,0.48,0.48,1.0,1.0,2021-02-22 15:00:00
0.0,0.0,0.0,0.0,0.0,0.0,2021-02-22 15:05:00
0.46,0.46,0.46,0.46,1.0,1.0,2021-02-22 15:10:00
0.0,0.0,0.0,0.0,0.0,0.0,2021-02-22 15:15:00
0.0,0.0,0.0,0.0,0.0,0.0,2021-02-22 15:20:00
0.0,0.0,0.0,0.0,0.0,0.0,2021-02-22 15:25:00
0.46,0.5,0.46,0.48,20.0,4.0,2021-02-22 15:30:00
0.45,0.46,0.45,0.46,16.0,2.0,2021-02-22 15:35:00
0.0,0.0,0.0,0.0,0.0,0.0,2021-02-22 15:40:00
0.45,0.45,0.45,0.45,1.0,1.0,2021-02-22 15:45:00
0.0,0.0,0.0,0.0,0.0,0.0,2021-02-22 15:50:00
0.0,0.0,0.0,0.0,0.0,0.0,2021-02-22 15:55:00
0.28,0.28,0.18,0.25,6.0,5.0,2021-02-23 09:30:00
0.25,0.25,0.18,0.25,5.0,3.0,2021-02-23 09:35:00
0.15,0.18,0.15,0.18,6.0,3.0,2021-02-23 09:40:00
0.0,0.0,0.0,0.0,0.0,0.0,2021-02-23 09:45:00
0.22,0.27,0.22,0.27,3.0,2.0,2021-02-23 09:50:00
0.0,0.0,0.0,0.0,0.0,0.0,2021-02-23 09:55:00
0.0,0.0,0.0,0.0,0.0,0.0,2021-02-23 10:00:00
0.0,0.0,0.0,0.0,0.0,0.0,2021-02-23 10:05:00
0.39,0.39,0.39,0.39,1.0,1.0,2021-02-23 10:10:00
0.0,0.0,0.0,0.0,0.0,0.0,2021-02-23 10:15:00
0.0,0.0,0.0,0.0,0.0,0.0,2021-02-23 10:20:00
0.35,0.35,0.35,0.35,1.0,1.0,2021-02-23 10:25:00
0.52,0.52,0.37,0.37,3.0,2.0,2021-02-23 10:30:00
0.0,0.0,0.0,0.0,0.0,0.0,2021-02-23 10:35:00
0.5,0.55,0.5,0.55,2.0,2.0,2021-02-23 10:40:00
0.6,0.6,0.6,0.6,1.0,1.0,2021-02-23 10:45:00
0.5,0.68,0.5,0.53,3.0,3.0,2021-02-23 10:50:00
0.0,0.0,0.0,0.0,0.0,0.0,2021-02-23 10:55:00
0.44,0.44,0.44,0.44,1.0,1.0,2021-02-23 11:00:00
0.0,0.0,0.0,0.0,0.0,0.0,2021-02-23 11:05:00
0.35,0.35,0.33,0.33,3.0,2.0,2021-02-23 11:10:00
0.0,0.0,0.0,0.0,0.0,0.0,2021-02-23 11:15:00
0.0,0.0,0.0,0.0,0.0,0.0,2021-02-23 11:20:00
0.0,0.0,0.0,0.0,0.0,0.0,2021-02-23 11:25:00
0.0,0.0,0.0,0.0,0.0,0.0,2021-02-23 11:30:00
0.0,0.0,0.0,0.0,0.0,0.0,2021-02-23 11:35:00
0.0,0.0,0.0,0.0,0.0,0.0,2021-02-23 11:40:00
0.0,0.0,0.0,0.0,0.0,0.0,2021-02-23 11:45:00
0.27,0.27,0.27,0.27,55.0,3.0,2021-02-23 11:50:00
0.0,0.0,0.0,0.0,0.0,0.0,2021-02-23 11:55:00
0.0,0.0,0.0,0.0,0.0,0.0,2021-02-23 12:00:00
0.0,0.0,0.0,0.0,0.0,0.0,2021-02-23 12:05:00
0.0,0.0,0.0,0.0,0.0,0.0,2021-02-23 12:10:00
0.3,0.3,0.25,0.25,6.0,6.0,2021-02-23 12:15:00
0.21,0.21,0.21,0.21,1.0,1.0,2021-02-23 12:20:00
0.0,0.0,0.0,0.0,0.0,0.0,2021-02-23 12:25:00
0.23,0.23,0.23,0.23,1.0,1.0,2021-02-23 12:30:00
0.0,0.0,0.0,0.0,0.0,0.0,2021-02-23 12:35:00
0.0,0.0,0.0,0.0,0.0,0.0,2021-02-23 12:40:00
0.0,0.0,0.0,0.0,0.0,0.0,2021-02-23 12:45:00
0.0,0.0,0.0,0.0,0.0,0.0,2021-02-23 12:50:00
0.0,0.0,0.0,0.0,0.0,0.0,2021-02-23 12:55:00
0.0,0.0,0.0,0.0,0.0,0.0,2021-02-23 13:00:00
0.0,0.0,0.0,0.0,0.0,0.0,2021-02-23 13:05:00
0.0,0.0,0.0,0.0,0.0,0.0,2021-02-23 13:10:00
0.0,0.0,0.0,0.0,0.0,0.0,2021-02-23 13:15:00
0.0,0.0,0.0,0.0,0.0,0.0,2021-02-23 13:20:00
0.0,0.0,0.0,0.0,0.0,0.0,2021-02-23 13:25:00
0.0,0.0,0.0,0.0,0.0,0.0,2021-02-23 13:30:00
0.29,0.29,0.29,0.29,1.0,1.0,2021-02-23 13:35:00
0.0,0.0,0.0,0.0,0.0,0.0,2021-02-23 13:40:00
0.0,0.0,0.0,0.0,0.0,0.0,2021-02-23 13:45:00
0.0,0.0,0.0,0.0,0.0,0.0,2021-02-23 13:50:00
0.0,0.0,0.0,0.0,0.0,0.0,2021-02-23 13:55:00
0.0,0.0,0.0,0.0,0.0,0.0,2021-02-23 14:00:00
0.0,0.0,0.0,0.0,0.0,0.0,2021-02-23 14:05:00
0.0,0.0,0.0,0.0,0.0,0.0,2021-02-23 14:10:00
0.0,0.0,0.0,0.0,0.0,0.0,2021-02-23 14:15:00
0.0,0.0,0.0,0.0,0.0,0.0,2021-02-23 14:20:00
0.0,0.0,0.0,0.0,0.0,0.0,2021-02-23 14:25:00
0.0,0.0,0.0,0.0,0.0,0.0,2021-02-23 14:30:00
0.0,0.0,0.0,0.0,0.0,0.0,2021-02-23 14:35:00
0.0,0.0,0.0,0.0,0.0,0.0,2021-02-23 14:40:00
0.0,0.0,0.0,0.0,0.0,0.0,2021-02-23 14:45:00
0.0,0.0,0.0,0.0,0.0,0.0,2021-02-23 14:50:00
0.33,0.34,0.33,0.34,12.0,3.0,2021-02-23 14:55:00
0.0,0.0,0.0,0.0,0.0,0.0,2021-02-23 15:00:00
0.36,0.36,0.36,0.36,2.0,1.0,2021-02-23 15:05:00
0.0,0.0,0.0,0.0,0.0,0.0,2021-02-23 15:10:00
0.54,0.54,0.37,0.41,6.0,4.0,2021-02-23 15:15:00
0.5,0.5,0.5,0.5,1.0,1.0,2021-02-23 15:20:00
0.0,0.0,0.0,0.0,0.0,0.0,2021-02-23 15:25:00
0.48,0.48,0.45,0.45,3.0,3.0,2021-02-23 15:30:00
0.0,0.0,0.0,0.0,0.0,0.0,2021-02-23 15:35:00
0.51,0.51,0.51,0.51,1.0,1.0,2021-02-23 15:40:00
0.0,0.0,0.0,0.0,0.0,0.0,2021-02-23 15:45:00
0.0,0.0,0.0,0.0,0.0,0.0,2021-02-23 15:50:00
0.33,0.34,0.33,0.34,51.0,2.0,2021-02-23 15:55:00
0.36,0.47,0.36,0.47,3.0,2.0,2021-02-24 09:30:00
0.45,0.45,0.42,0.42,2.0,2.0,2021-02-24 09:35:00
0.0,0.0,0.0,0.0,0.0,0.0,2021-02-24 09:40:00
0.44,0.44,0.44,0.44,1.0,1.0,2021-02-24 09:45:00
0.0,0.0,0.0,0.0,0.0,0.0,2021-02-24 09:50:00
0.3,0.3,0.3,0.3,3.0,2.0,2021-02-24 09:55:00
0.27,0.27,0.27,0.27,1.0,1.0,2021-02-24 10:00:00
0.33,0.33,0.33,0.33,1.0,1.0,2021-02-24 10:05:00
0.0,0.0,0.0,0.0,0.0,0.0,2021-02-24 10:10:00
0.0,0.0,0.0,0.0,0.0,0.0,2021-02-24 10:15:00
0.0,0.0,0.0,0.0,0.0,0.0,2021-02-24 10:20:00
0.23,0.23,0.23,0.23,1.0,1.0,2021-02-24 10:25:00
0.0,0.0,0.0,0.0,0.0,0.0,2021-02-24 10:30:00
0.0,0.0,0.0,0.0,0.0,0.0,2021-02-24 10:35:00
0.0,0.0,0.0,0.0,0.0,0.0,2021-02-24 10:40:00
0.0,0.0,0.0,0.0,0.0,0.0,2021-02-24 10:45:00
0.0,0.0,0.0,0.0,0.0,0.0,2021-02-24 10:50:00
0.0,0.0,0.0,0.0,0.0,0.0,2021-02-24 10:55:00
0.0,0.0,0.0,0.0,0.0,0.0,2021-02-24 11:00:00
0.32,0.32,0.25,0.25,2.0,2.0,2021-02-24 11:05:00
0.28,0.28,0.28,0.28,1.0,1.0,2021-02-24 11:10:00
0.32,0.33,0.32,0.32,6.0,6.0,2021-02-24 11:15:00
0.0,0.0,0.0,0.0,0.0,0.0,2021-02-24 11:20:00
0.0,0.0,0.0,0.0,0.0,0.0,2021-02-24 11:25:00
0.0,0.0,0.0,0.0,0.0,0.0,2021-02-24 11:30:00
0.0,0.0,0.0,0.0,0.0,0.0,2021-02-24 11:35:00
0.0,0.0,0.0,0.0,0.0,0.0,2021-02-24 11:40:00
0.0,0.0,0.0,0.0,0.0,0.0,2021-02-24 11:45:00
0.0,0.0,0.0,0.0,0.0,0.0,2021-02-24 11:50:00
0.0,0.0,0.0,0.0,0.0,0.0,2021-02-24 11:55:00
0.0,0.0,0.0,0.0,0.0,0.0,2021-02-24 12:00:00
0.0,0.0,0.0,0.0,0.0,0.0,2021-02-24 12:05:00
0.0,0.0,0.0,0.0,0.0,0.0,2021-02-24 12:10:00
0.0,0.0,0.0,0.0,0.0,0.0,2021-02-24 12:15:00
0.0,0.0,0.0,0.0,0.0,0.0,2021-02-24 12:20:00
0.0,0.0,0.0,0.0,0.0,0.0,2021-02-24 12:25:00
0.0,0.0,0.0,0.0,0.0,0.0,2021-02-24 12:30:00
0.0,0.0,0.0,0.0,0.0,0.0,2021-02-24 12:35:00
0.18,0.18,0.18,0.18,1.0,1.0,2021-02-24 12:40:00
0.0,0.0,0.0,0.0,0.0,0.0,2021-02-24 12:45:00
0.0,0.0,0.0,0.0,0.0,0.0,2021-02-24 12:50:00
0.0,0.0,0.0,0.0,0.0,0.0,2021-02-24 12:55:00
0.0,0.0,0.0,0.0,0.0,0.0,2021-02-24 13:00:00
0.11,0.11,0.11,0.11,1.0,1.0,2021-02-24 13:05:00
0.0,0.0,0.0,0.0,0.0,0.0,2021-02-24 13:10:00
0.0,0.0,0.0,0.0,0.0,0.0,2021-02-24 13:15:00
0.0,0.0,0.0,0.0,0.0,0.0,2021-02-24 13:20:00
0.0,0.0,0.0,0.0,0.0,0.0,2021-02-24 13:25:00
0.0,0.0,0.0,0.0,0.0,0.0,2021-02-24 13:30:00
0.0,0.0,0.0,0.0,0.0,0.0,2021-02-24 13:35:00
0.0,0.0,0.0,0.0,0.0,0.0,2021-02-24 13:40:00
0.0,0.0,0.0,0.0,0.0,0.0,2021-02-24 13:45:00
0.0,0.0,0.0,0.0,0.0,0.0,2021-02-24 13:50:00
0.12,0.12,0.12,0.12,1.0,1.0,2021-02-24 13:55:00
0.0,0.0,0.0,0.0,0.0,0.0,2021-02-24 14:00:00
0.0,0.0,0.0,0.0,0.0,0.0,2021-02-24 14:05:00
0.0,0.0,0.0,0.0,0.0,0.0,2021-02-24 14:10:00
0.0,0.0,0.0,0.0,0.0,0.0,2021-02-24 14:15:00
0.0,0.0,0.0,0.0,0.0,0.0,2021-02-24 14:20:00
0.13,0.13,0.13,0.13,1.0,1.0,2021-02-24 14:25:00
0.0,0.0,0.0,0.0,0.0,0.0,2021-02-24 14:30:00
0.0,0.0,0.0,0.0,0.0,0.0,2021-02-24 14:35:00
0.0,0.0,0.0,0.0,0.0,0.0,2021-02-24 14:40:00
0.16,0.16,0.16,0.16,1.0,1.0,2021-02-24 14:45:00
0.0,0.0,0.0,0.0,0.0,0.0,2021-02-24 14:50:00
0.0,0.0,0.0,0.0,0.0,0.0,2021-02-24 14:55:00
0.0,0.0,0.0,0.0,0.0,0.0,2021-02-24 15:00:00
0.0,0.0,0.0,0.0,0.0,0.0,2021-02-24 15:05:00
0.14,0.14,0.14,0.14,8.0,1.0,2021-02-24 15:10:00
0.14,0.14,0.14,0.14,38.0,15.0,2021-02-24 15:15:00
0.0,0.0,0.0,0.0,0.0,0.0,2021-02-24 15:20:00
0.0,0.0,0.0,0.0,0.0,0.0,2021-02-24 15:25:00
0.0,0.0,0.0,0.0,0.0,0.0,2021-02-24 15:30:00
0.0,0.0,0.0,0.0,0.0,0.0,2021-02-24 15:35:00
0.0,0.0,0.0,0.0,0.0,0.0,2021-02-24 15:40:00
0.0,0.0,0.0,0.0,0.0,0.0,2021-02-24 15:45:00
0.0,0.0,0.0,0.0,0.0,0.0,2021-02-24 15:50:00
0.0,0.0,0.0,0.0,0.0,0.0,2021-02-24 15:55:00
0.14,0.14,0.14,0.14,8.0,1.0,2021-02-25 09:30:00
0.08,0.11,0.08,0.11,4.0,3.0,2021-02-25 09:35:00
0.11,0.11,0.11,0.11,3.0,2.0,2021-02-25 09:40:00
0.12,0.12,0.1,0.1,3.0,3.0,2021-02-25 09:45:00
0.0,0.0,0.0,0.0,0.0,0.0,2021-02-25 09:50:00
0.0,0.0,0.0,0.0,0.0,0.0,2021-02-25 09:55:00
0.03,0.03,0.03,0.03,5.0,1.0,2021-02-25 10:00:00
0.0,0.0,0.0,0.0,0.0,0.0,2021-02-25 10:05:00
0.08,0.08,0.08,0.08,5.0,1.0,2021-02-25 10:10:00
0.0,0.0,0.0,0.0,0.0,0.0,2021-02-25 10:15:00
0.0,0.0,0.0,0.0,0.0,0.0,2021-02-25 10:20:00
0.0,0.0,0.0,0.0,0.0,0.0,2021-02-25 10:25:00
0.0,0.0,0.0,0.0,0.0,0.0,2021-02-25 10:30:00
0.06,0.06,0.06,0.06,1.0,1.0,2021-02-25 10:35:00
0.05,0.05,0.05,0.05,1.0,1.0,2021-02-25 10:40:00
0.0,0.0,0.0,0.0,0.0,0.0,2021-02-25 10:45:00
0.0,0.0,0.0,0.0,0.0,0.0,2021-02-25 10:50:00
0.0,0.0,0.0,0.0,0.0,0.0,2021-02-25 10:55:00
0.0,0.0,0.0,0.0,0.0,0.0,2021-02-25 11:00:00
0.0,0.0,0.0,0.0,0.0,0.0,2021-02-25 11:05:00
0.0,0.0,0.0,0.0,0.0,0.0,2021-02-25 11:10:00
0.0,0.0,0.0,0.0,0.0,0.0,2021-02-25 11:15:00
0.0,0.0,0.0,0.0,0.0,0.0,2021-02-25 11:20:00
0.0,0.0,0.0,0.0,0.0,0.0,2021-02-25 11:25:00
0.0,0.0,0.0,0.0,0.0,0.0,2021-02-25 11:30:00
0.0,0.0,0.0,0.0,0.0,0.0,2021-02-25 11:35:00
0.0,0.0,0.0,0.0,0.0,0.0,2021-02-25 11:40:00
0.0,0.0,0.0,0.0,0.0,0.0,2021-02-25 11:45:00
0.0,0.0,0.0,0.0,0.0,0.0,2021-02-25 11:50:00
0.0,0.0,0.0,0.0,0.0,0.0,2021-02-25 11:55:00
0.0,0.0,0.0,0.0,0.0,0.0,2021-02-25 12:00:00
0.0,0.0,0.0,0.0,0.0,0.0,2021-02-25 12:05:00
0.06,0.09,0.06,0.09,2.0,2.0,2021-02-25 12:10:00
0.0,0.0,0.0,0.0,0.0,0.0,2021-02-25 12:15:00
0.1,0.1,0.1,0.1,1.0,1.0,2021-02-25 12:20:00
0.0,0.0,0.0,0.0,0.0,0.0,2021-02-25 12:25:00
0.0,0.0,0.0,0.0,0.0,0.0,2021-02-25 12:30:00
0.0,0.0,0.0,0.0,0.0,0.0,2021-02-25 12:35:00
0.0,0.0,0.0,0.0,0.0,0.0,2021-02-25 12:40:00
0.09,0.09,0.09,0.09,1.0,1.0,2021-02-25 12:45:00
0.0,0.0,0.0,0.0,0.0,0.0,2021-02-25 12:50:00
0.0,0.0,0.0,0.0,0.0,0.0,2021-02-25 12:55:00
0.0,0.0,0.0,0.0,0.0,0.0,2021-02-25 13:00:00
0.0,0.0,0.0,0.0,0.0,0.0,2021-02-25 13:05:00
0.0,0.0,0.0,0.0,0.0,0.0,2021-02-25 13:10:00
0.0,0.0,0.0,0.0,0.0,0.0,2021-02-25 13:15:00
0.0,0.0,0.0,0.0,0.0,0.0,2021-02-25 13:20:00
0.0,0.0,0.0,0.0,0.0,0.0,2021-02-25 13:25:00
0.0,0.0,0.0,0.0,0.0,0.0,2021-02-25 13:30:00
0.0,0.0,0.0,0.0,0.0,0.0,2021-02-25 13:35:00
0.0,0.0,0.0,0.0,0.0,0.0,2021-02-25 13:40:00
0.0,0.0,0.0,0.0,0.0,0.0,2021-02-25 13:45:00
0.0,0.0,0.0,0.0,0.0,0.0,2021-02-25 13:50:00
0.09,0.09,0.09,0.09,1.0,1.0,2021-02-25 13:55:00
0.0,0.0,0.0,0.0,0.0,0.0,2021-02-25 14:00:00
0.0,0.0,0.0,0.0,0.0,0.0,2021-02-25 14:05:00
0.0,0.0,0.0,0.0,0.0,0.0,2021-02-25 14:10:00
0.0,0.0,0.0,0.0,0.0,0.0,2021-02-25 14:15:00
0.0,0.0,0.0,0.0,0.0,0.0,2021-02-25 14:20:00
0.0,0.0,0.0,0.0,0.0,0.0,2021-02-25 14:25:00
0.0,0.0,0.0,0.0,0.0,0.0,2021-02-25 14:30:00
0.12,0.12,0.12,0.12,6.0,3.0,2021-02-25 14:35:00
0.0,0.0,0.0,0.0,0.0,0.0,2021-02-25 14:40:00
0.0,0.0,0.0,0.0,0.0,0.0,2021-02-25 14:45:00
0.12,0.12,0.12,0.12,6.0,1.0,2021-02-25 14:50:00
0.0,0.0,0.0,0.0,0.0,0.0,2021-02-25 14:55:00
0.0,0.0,0.0,0.0,0.0,0.0,2021-02-25 15:00:00
0.0,0.0,0.0,0.0,0.0,0.0,2021-02-25 15:05:00
0.0,0.0,0.0,0.0,0.0,0.0,2021-02-25 15:10:00
0.0,0.0,0.0,0.0,0.0,0.0,2021-02-25 15:15:00
0.0,0.0,0.0,0.0,0.0,0.0,2021-02-25 15:20:00
0.0,0.0,0.0,0.0,0.0,0.0,2021-02-25 15:25:00
0.0,0.0,0.0,0.0,0.0,0.0,2021-02-25 15:30:00
0.0,0.0,0.0,0.0,0.0,0.0,2021-02-25 15:35:00
0.0,0.0,0.0,0.0,0.0,0.0,2021-02-25 15:40:00
0.0,0.0,0.0,0.0,0.0,0.0,2021-02-25 15:45:00
0.0,0.0,0.0,0.0,0.0,0.0,2021-02-25 15:50:00
0.0,0.0,0.0,0.0,0.0,0.0,2021-02-25 15:55:00
0.0,0.0,0.0,0.0,0.0,0.0,2021-02-26 09:30:00
0.0,0.0,0.0,0.0,0.0,0.0,2021-02-26 09:35:00
0.0,0.0,0.0,0.0,0.0,0.0,2021-02-26 09:40:00
0.0,0.0,0.0,0.0,0.0,0.0,2021-02-26 09:45:00
0.0,0.0,0.0,0.0,0.0,0.0,2021-02-26 09:50:00
0.0,0.0,0.0,0.0,0.0,0.0,2021-02-26 09:55:00
0.02,0.02,0.02,0.02,1.0,1.0,2021-02-26 10:00:00
0.0,0.0,0.0,0.0,0.0,0.0,2021-02-26 10:05:00
0.0,0.0,0.0,0.0,0.0,0.0,2021-02-26 10:10:00
0.0,0.0,0.0,0.0,0.0,0.0,2021-02-26 10:15:00
0.0,0.0,0.0,0.0,0.0,0.0,2021-02-26 10:20:00
0.0,0.0,0.0,0.0,0.0,0.0,2021-02-26 10:25:00
0.0,0.0,0.0,0.0,0.0,0.0,2021-02-26 10:30:00
0.0,0.0,0.0,0.0,0.0,0.0,2021-02-26 10:35:00
0.0,0.0,0.0,0.0,0.0,0.0,2021-02-26 10:40:00
0.0,0.0,0.0,0.0,0.0,0.0,2021-02-26 10:45:00
0.0,0.0,0.0,0.0,0.0,0.0,2021-02-26 10:50:00
0.0,0.0,0.0,0.0,0.0,0.0,2021-02-26 10:55:00
0.0,0.0,0.0,0.0,0.0,0.0,2021-02-26 11:00:00
0.03,0.03,0.03,0.03,18.0,3.0,2021-02-26 11:05:00
0.0,0.0,0.0,0.0,0.0,0.0,2021-02-26 11:10:00
0.0,0.0,0.0,0.0,0.0,0.0,2021-02-26 11:15:00
0.0,0.0,0.0,0.0,0.0,0.0,2021-02-26 11:20:00
0.0,0.0,0.0,0.0,0.0,0.0,2021-02-26 11:25:00
0.0,0.0,0.0,0.0,0.0,0.0,2021-02-26 11:30:00
0.0,0.0,0.0,0.0,0.0,0.0,2021-02-26 11:35:00
0.0,0.0,0.0,0.0,0.0,0.0,2021-02-26 11:40:00
0.0,0.0,0.0,0.0,0.0,0.0,2021-02-26 11:45:00
0.0,0.0,0.0,0.0,0.0,0.0,2021-02-26 11:50:00
0.0,0.0,0.0,0.0,0.0,0.0,2021-02-26 11:55:00
0.0,0.0,0.0,0.0,0.0,0.0,2021-02-26 12:00:00
0.0,0.0,0.0,0.0,0.0,0.0,2021-02-26 12:05:00
0.0,0.0,0.0,0.0,0.0,0.0,2021-02-26 12:10:00
0.0,0.0,0.0,0.0,0.0,0.0,2021-02-26 12:15:00
0.0,0.0,0.0,0.0,0.0,0.0,2021-02-26 12:20:00
0.0,0.0,0.0,0.0,0.0,0.0,2021-02-26 12:25:00
0.0,0.0,0.0,0.0,0.0,0.0,2021-02-26 12:30:00
0.0,0.0,0.0,0.0,0.0,0.0,2021-02-26 12:35:00
0.0,0.0,0.0,0.0,0.0,0.0,2021-02-26 12:40:00
0.0,0.0,0.0,0.0,0.0,0.0,2021-02-26 12:45:00
0.0,0.0,0.0,0.0,0.0,0.0,2021-02-26 12:50:00
0.0,0.0,0.0,0.0,0.0,0.0,2021-02-26 12:55:00
0.0,0.0,0.0,0.0,0.0,0.0,2021-02-26 13:00:00
0.0,0.0,0.0,0.0,0.0,0.0,2021-02-26 13:05:00
0.0,0.0,0.0,0.0,0.0,0.0,2021-02-26 13:10:00
0.0,0.0,0.0,0.0,0.0,0.0,2021-02-26 13:15:00
0.0,0.0,0.0,0.0,0.0,0.0,2021-02-26 13:20:00
0.0,0.0,0.0,0.0,0.0,0.0,2021-02-26 13:25:00
0.0,0.0,0.0,0.0,0.0,0.0,2021-02-26 13:30:00
0.0,0.0,0.0,0.0,0.0,0.0,2021-02-26 13:35:00
0.0,0.0,0.0,0.0,0.0,0.0,2021-02-26 13:40:00
0.0,0.0,0.0,0.0,0.0,0.0,2021-02-26 13:45:00
0.01,0.01,0.01,0.01,1.0,1.0,2021-02-26 13:50:00
0.0,0.0,0.0,0.0,0.0,0.0,2021-02-26 13:55:00
0.0,0.0,0.0,0.0,0.0,0.0,2021-02-26 14:00:00
0.0,0.0,0.0,0.0,0.0,0.0,2021-02-26 14:05:00
0.0,0.0,0.0,0.0,0.0,0.0,2021-02-26 14:10:00
0.0,0.0,0.0,0.0,0.0,0.0,2021-02-26 14:15:00
0.0,0.0,0.0,0.0,0.0,0.0,2021-02-26 14:20:00
0.0,0.0,0.0,0.0,0.0,0.0,2021-02-26 14:25:00
0.0,0.0,0.0,0.0,0.0,0.0,2021-02-26 14:30:00
0.0,0.0,0.0,0.0,0.0,0.0,2021-02-26 14:35:00
0.0,0.0,0.0,0.0,0.0,0.0,2021-02-26 14:40:00
0.0,0.0,0.0,0.0,0.0,0.0,2021-02-26 14:45:00
0.0,0.0,0.0,0.0,0.0,0.0,2021-02-26 14:50:00
0.0,0.0,0.0,0.0,0.0,0.0,2021-02-26 14:55:00
0.0,0.0,0.0,0.0,0.0,0.0,2021-02-26 15:00:00
0.0,0.0,0.0,0.0,0.0,0.0,2021-02-26 15:05:00
0.0,0.0,0.0,0.0,0.0,0.0,2021-02-26 15:10:00
0.0,0.0,0.0,0.0,0.0,0.0,2021-02-26 15:15:00
0.0,0.0,0.0,0.0,0.0,0.0,2021-02-26 15:20:00
0.0,0.0,0.0,0.0,0.0,0.0,2021-02-26 15:25:00
0.0,0.0,0.0,0.0,0.0,0.0,2021-02-26 15:30:00
0.0,0.0,0.0,0.0,0.0,0.0,2021-02-26 15:35:00
0.0,0.0,0.0,0.0,0.0,0.0,2021-02-26 15:40:00
0.0,0.0,0.0,0.0,0.0,0.0,2021-02-26 15:45:00
0.0,0.0,0.0,0.0,0.0,0.0,2021-02-26 15:50:00
0.0,0.0,0.0,0.0,0.0,0.0,2021-02-26 15:55:00
,,,,,,
