datetime,bid_size,bid_exchange,bid,bid_condition,ask_size,ask_exchange,ask,ask_condition
2021-03-25 09:30:00,2.0,9.0,612.74,0.0,1.0,7.0,613.38,0.0
2021-03-25 09:35:00,1.0,1.0,615.01,0.0,1.0,4.0,615.33,0.0
2021-03-25 09:40:00,1.0,1.0,626.91,0.0,1.0,43.0,627.3,0.0
2021-03-25 09:45:00,1.0,7.0,628.4,0.0,1.0,3.0,628.95,0.0
2021-03-25 09:50:00,1.0,1.0,626.02,0.0,1.0,7.0,626.36,0.0
2021-03-25 09:55:00,1.0,60.0,622.58,0.0,1.0,68.0,622.97,0.0
2021-03-25 10:00:00,1.0,9.0,627.87,0.0,1.0,65.0,628.22,0.0
2021-03-25 10:05:00,1.0,60.0,634.01,0.0,1.0,3.0,634.31,0.0
2021-03-25 10:10:00,1.0,68.0,635.27,0.0,1.0,7.0,635.73,0.0
2021-03-25 10:15:00,1.0,7.0,634.67,0.0,1.0,1.0,634.97,0.0
2021-03-25 10:20:00,1.0,7.0,631.84,0.0,1.0,68.0,632.15,0.0
2021-03-25 10:25:00,1.0,68.0,631.75,0.0,1.0,7.0,631.97,0.0
2021-03-25 10:30:00,1.0,1.0,628.54,0.0,1.0,60.0,628.91,0.0
2021-03-25 10:35:00,1.0,68.0,628.12,0.0,1.0,60.0,628.31,0.0
2021-03-25 10:40:00,1.0,1.0,627.41,0.0,1.0,68.0,627.8,0.0
2021-03-25 10:45:00,1.0,7.0,625.37,0.0,1.0,68.0,625.66,0.0
2021-03-25 10:50:00,1.0,7.0,621.36,0.0,1.0,7.0,621.62,0.0
2021-03-25 10:55:00,2.0,43.0,618.65,0.0,1.0,3.0,618.89,0.0
2021-03-25 11:00:00,1.0,1.0,622.57,0.0,1.0,7.0,622.85,0.0
2021-03-25 11:05:00,1.0,7.0,617.86,0.0,1.0,43.0,618.29,0.0
2021-03-25 11:10:00,1.0,64.0,618.15,0.0,2.0,1.0,618.45,0.0
2021-03-25 11:15:00,1.0,7.0,623.32,0.0,1.0,65.0,623.6,0.0
2021-03-25 11:20:00,1.0,1.0,623.05,0.0,1.0,68.0,623.24,0.0
2021-03-25 11:25:00,2.0,65.0,618.81,0.0,1.0,1.0,618.99,0.0
2021-03-25 11:30:00,1.0,7.0,622.54,0.0,1.0,7.0,622.92,0.0
2021-03-25 11:35:00,1.0,7.0,625.69,0.0,1.0,43.0,625.98,0.0
2021-03-25 11:40:00,1.0,7.0,625.56,0.0,2.0,43.0,625.82,0.0
2021-03-25 11:45:00,1.0,9.0,621.48,0.0,1.0,7.0,621.83,0.0
2021-03-25 11:50:00,2.0,65.0,623.09,0.0,2.0,43.0,623.45,0.0
2021-03-25 11:55:00,1.0,3.0,625.83,0.0,1.0,68.0,626.11,0.0
2021-03-25 12:00:00,1.0,68.0,631.92,0.0,2.0,1.0,632.37,0.0
2021-03-25 12:05:00,1.0,3.0,636.62,0.0,1.0,73.0,637.0,0.0
2021-03-25 12:10:00,1.0,65.0,634.5,0.0,1.0,65.0,634.92,0.0
2021-03-25 12:15:00,6.0,65.0,632.65,0.0,1.0,65.0,632.92,0.0
2021-03-25 12:20:00,1.0,60.0,640.3,0.0,1.0,7.0,640.62,0.0
2021-03-25 12:25:00,1.0,7.0,640.57,0.0,1.0,65.0,640.84,0.0
2021-03-25 12:30:00,1.0,1.0,642.86,0.0,1.0,1.0,643.22,0.0
2021-03-25 12:35:00,2.0,43.0,641.33,0.0,1.0,60.0,641.63,0.0
2021-03-25 12:40:00,4.0,60.0,637.72,0.0,1.0,7.0,637.93,0.0
2021-03-25 12:45:00,1.0,1.0,640.0,0.0,2.0,1.0,640.14,0.0
2021-03-25 12:50:00,1.0,43.0,640.13,0.0,1.0,7.0,640.48,0.0
2021-03-25 12:55:00,1.0,65.0,636.02,0.0,1.0,11.0,636.3,0.0
2021-03-25 13:00:00,1.0,1.0,633.91,0.0,2.0,43.0,634.19,0.0
2021-03-25 13:05:00,2.0,43.0,633.21,0.0,1.0,65.0,633.57,0.0
2021-03-25 13:10:00,2.0,7.0,634.84,0.0,1.0,68.0,635.08,0.0
2021-03-25 13:15:00,1.0,43.0,637.28,0.0,1.0,1.0,637.59,0.0
2021-03-25 13:20:00,2.0,43.0,633.13,0.0,1.0,7.0,633.48,0.0
2021-03-25 13:25:00,1.0,43.0,632.22,0.0,1.0,43.0,632.55,0.0
2021-03-25 13:30:00,1.0,7.0,631.79,0.0,1.0,7.0,632.12,0.0
2021-03-25 13:35:00,1.0,1.0,631.49,0.0,1.0,68.0,631.86,0.0
2021-03-25 13:40:00,1.0,60.0,629.8,0.0,1.0,43.0,630.0,0.0
2021-03-25 13:45:00,1.0,43.0,631.5,0.0,2.0,1.0,631.79,0.0
2021-03-25 13:50:00,1.0,60.0,632.35,0.0,1.0,68.0,632.58,0.0
2021-03-25 13:55:00,1.0,68.0,631.91,0.0,23.0,65.0,632.05,0.0
2021-03-25 14:00:00,1.0,68.0,629.27,0.0,1.0,1.0,629.54,0.0
2021-03-25 14:05:00,2.0,65.0,627.79,0.0,1.0,1.0,627.99,0.0
2021-03-25 14:10:00,1.0,3.0,627.38,0.0,1.0,68.0,627.68,0.0
2021-03-25 14:15:00,1.0,65.0,628.17,0.0,1.0,7.0,628.45,0.0
2021-03-25 14:20:00,1.0,1.0,629.64,0.0,1.0,7.0,629.85,0.0
2021-03-25 14:25:00,1.0,43.0,628.87,0.0,1.0,68.0,629.15,0.0
2021-03-25 14:30:00,1.0,68.0,624.55,0.0,1.0,65.0,624.82,0.0
2021-03-25 14:35:00,1.0,65.0,626.06,0.0,1.0,7.0,626.34,0.0
2021-03-25 14:40:00,1.0,68.0,633.01,0.0,2.0,43.0,633.29,0.0
2021-03-25 14:45:00,1.0,7.0,634.01,0.0,6.0,1.0,634.18,0.0
2021-03-25 14:50:00,2.0,65.0,636.02,0.0,1.0,68.0,636.33,0.0
2021-03-25 14:55:00,1.0,3.0,636.92,0.0,1.0,7.0,637.12,0.0
2021-03-25 15:00:00,1.0,68.0,638.17,0.0,2.0,7.0,638.43,0.0
2021-03-25 15:05:00,1.0,1.0,639.62,0.0,1.0,7.0,639.79,0.0
2021-03-25 15:10:00,1.0,43.0,637.28,0.0,1.0,7.0,637.53,0.0
2021-03-25 15:15:00,1.0,7.0,637.68,0.0,2.0,1.0,638.0,0.0
2021-03-25 15:20:00,1.0,64.0,637.62,0.0,1.0,60.0,637.83,0.0
2021-03-25 15:25:00,1.0,7.0,635.54,0.0,1.0,7.0,635.75,0.0
2021-03-25 15:30:00,2.0,7.0,637.57,0.0,1.0,68.0,637.74,0.0
2021-03-25 15:35:00,1.0,68.0,638.56,0.0,1.0,9.0,638.77,0.0
2021-03-25 15:40:00,1.0,7.0,640.27,0.0,1.0,3.0,640.41,0.0
2021-03-25 15:45:00,1.0,65.0,640.92,0.0,1.0,7.0,641.18,0.0
2021-03-25 15:50:00,1.0,60.0,643.2,0.0,1.0,7.0,643.37,0.0
2021-03-25 15:55:00,1.0,7.0,641.08,0.0,1.0,73.0,641.3,0.0
2021-03-26 09:30:00,3.0,1.0,641.07,0.0,1.0,7.0,642.5,0.0
2021-03-26 09:35:00,1.0,7.0,638.89,0.0,1.0,68.0,639.31,0.0
2021-03-26 09:40:00,1.0,65.0,642.46,0.0,1.0,65.0,642.86,0.0
2021-03-26 09:45:00,1.0,1.0,637.72,0.0,1.0,65.0,638.0,0.0
2021-03-26 09:50:00,1.0,9.0,639.07,0.0,1.0,68.0,639.4,0.0
2021-03-26 09:55:00,1.0,65.0,636.7,0.0,1.0,7.0,637.35,0.0
2021-03-26 10:00:00,2.0,3.0,634.94,0.0,2.0,60.0,635.19,0.0
2021-03-26 10:05:00,1.0,7.0,638.58,0.0,2.0,7.0,638.84,0.0
2021-03-26 10:10:00,1.0,68.0,637.83,0.0,1.0,1.0,638.1,0.0
2021-03-26 10:15:00,2.0,1.0,635.0,0.0,1.0,43.0,635.29,0.0
2021-03-26 10:20:00,1.0,68.0,632.4,0.0,2.0,1.0,632.67,0.0
2021-03-26 10:25:00,1.0,1.0,631.47,0.0,1.0,43.0,631.66,0.0
2021-03-26 10:30:00,1.0,7.0,635.53,0.0,1.0,68.0,635.79,0.0
2021-03-26 10:35:00,1.0,7.0,634.34,0.0,1.0,7.0,634.62,0.0
2021-03-26 10:40:00,1.0,7.0,637.62,0.0,1.0,43.0,637.93,0.0
2021-03-26 10:45:00,2.0,43.0,639.12,0.0,2.0,43.0,639.43,0.0
2021-03-26 10:50:00,1.0,43.0,636.94,0.0,1.0,60.0,637.22,0.0
2021-03-26 10:55:00,1.0,9.0,635.18,0.0,2.0,43.0,635.41,0.0
2021-03-26 11:00:00,1.0,43.0,635.21,0.0,1.0,60.0,635.5,0.0
2021-03-26 11:05:00,1.0,60.0,635.22,0.0,1.0,43.0,635.49,0.0
2021-03-26 11:10:00,1.0,65.0,634.75,0.0,1.0,7.0,634.96,0.0
2021-03-26 11:15:00,1.0,68.0,630.11,0.0,1.0,60.0,630.3,0.0
2021-03-26 11:20:00,1.0,68.0,628.34,0.0,1.0,7.0,628.62,0.0
2021-03-26 11:25:00,5.0,65.0,625.2,0.0,1.0,43.0,625.4,0.0
2021-03-26 11:30:00,1.0,7.0,625.16,0.0,1.0,64.0,625.35,0.0
2021-03-26 11:35:00,1.0,1.0,626.37,0.0,1.0,65.0,626.53,0.0
2021-03-26 11:40:00,1.0,68.0,625.49,0.0,2.0,1.0,625.67,0.0
2021-03-26 11:45:00,1.0,68.0,625.73,0.0,1.0,7.0,625.91,0.0
2021-03-26 11:50:00,1.0,7.0,621.57,0.0,1.0,43.0,621.75,0.0
2021-03-26 11:55:00,1.0,60.0,618.86,0.0,2.0,65.0,619.02,0.0
2021-03-26 12:00:00,1.0,68.0,619.75,0.0,2.0,43.0,619.91,0.0
2021-03-26 12:05:00,1.0,4.0,613.95,0.0,1.0,3.0,614.18,0.0
2021-03-26 12:10:00,1.0,1.0,613.34,0.0,1.0,68.0,613.49,0.0
2021-03-26 12:15:00,1.0,68.0,615.94,0.0,1.0,1.0,616.03,0.0
2021-03-26 12:20:00,1.0,7.0,613.51,0.0,1.0,1.0,613.66,0.0
2021-03-26 12:25:00,1.0,43.0,614.12,0.0,1.0,1.0,614.34,0.0
2021-03-26 12:30:00,1.0,68.0,618.25,0.0,1.0,43.0,618.44,0.0
2021-03-26 12:35:00,1.0,7.0,619.04,0.0,1.0,68.0,619.19,0.0
2021-03-26 12:40:00,1.0,7.0,619.29,0.0,1.0,68.0,619.46,0.0
2021-03-26 12:45:00,1.0,7.0,618.4,0.0,1.0,1.0,618.59,0.0
2021-03-26 12:50:00,1.0,68.0,618.85,0.0,1.0,1.0,618.98,0.0
2021-03-26 12:55:00,1.0,43.0,616.24,0.0,1.0,1.0,616.45,0.0
2021-03-26 13:00:00,1.0,43.0,613.25,0.0,2.0,43.0,613.46,0.0
2021-03-26 13:05:00,2.0,1.0,614.01,0.0,1.0,7.0,614.17,0.0
2021-03-26 13:10:00,1.0,60.0,615.32,0.0,1.0,60.0,615.49,0.0
2021-03-26 13:15:00,2.0,1.0,616.52,0.0,1.0,7.0,616.77,0.0
2021-03-26 13:20:00,2.0,1.0,616.6,0.0,15.0,65.0,616.84,0.0
2021-03-26 13:25:00,1.0,7.0,616.26,0.0,1.0,43.0,616.42,0.0
2021-03-26 13:30:00,1.0,7.0,616.48,0.0,1.0,43.0,616.69,0.0
2021-03-26 13:35:00,1.0,7.0,614.44,0.0,1.0,7.0,614.61,0.0
2021-03-26 13:40:00,2.0,65.0,610.88,0.0,1.0,60.0,611.0,0.0
2021-03-26 13:45:00,1.0,9.0,609.74,0.0,1.0,7.0,609.89,0.0
2021-03-26 13:50:00,1.0,1.0,607.28,0.0,1.0,43.0,607.5,0.0
2021-03-26 13:55:00,1.0,1.0,608.83,0.0,2.0,7.0,608.98,0.0
2021-03-26 14:00:00,1.0,65.0,609.53,0.0,1.0,1.0,609.6,0.0
2021-03-26 14:05:00,1.0,43.0,607.1,0.0,1.0,43.0,607.34,0.0
2021-03-26 14:10:00,1.0,9.0,605.64,0.0,1.0,43.0,605.9,0.0
2021-03-26 14:15:00,1.0,43.0,604.95,0.0,1.0,7.0,605.21,0.0
2021-03-26 14:20:00,4.0,65.0,603.0,0.0,1.0,43.0,603.26,0.0
2021-03-26 14:25:00,1.0,9.0,604.55,0.0,2.0,1.0,604.75,0.0
2021-03-26 14:30:00,1.0,68.0,606.0,0.0,1.0,60.0,606.19,0.0
2021-03-26 14:35:00,1.0,7.0,604.3,0.0,1.0,68.0,604.69,0.0
2021-03-26 14:40:00,4.0,1.0,605.0,0.0,2.0,43.0,605.23,0.0
2021-03-26 14:45:00,1.0,43.0,605.01,0.0,1.0,65.0,605.28,0.0
2021-03-26 14:50:00,1.0,43.0,600.79,0.0,1.0,43.0,601.08,0.0
2021-03-26 14:55:00,1.0,7.0,607.26,0.0,1.0,43.0,607.57,0.0
2021-03-26 15:00:00,2.0,7.0,610.39,0.0,1.0,43.0,610.58,0.0
2021-03-26 15:05:00,1.0,7.0,609.16,0.0,9.0,65.0,609.32,0.0
2021-03-26 15:10:00,4.0,1.0,606.27,0.0,2.0,43.0,606.47,0.0
2021-03-26 15:15:00,1.0,43.0,607.89,0.0,1.0,43.0,608.27,0.0
2021-03-26 15:20:00,1.0,1.0,613.67,0.0,2.0,9.0,613.77,0.0
2021-03-26 15:25:00,1.0,65.0,610.32,0.0,2.0,43.0,610.5,0.0
2021-03-26 15:30:00,2.0,1.0,613.01,0.0,1.0,7.0,613.17,0.0
2021-03-26 15:35:00,1.0,7.0,613.67,0.0,1.0,1.0,613.82,0.0
2021-03-26 15:40:00,1.0,7.0,613.15,0.0,1.0,65.0,613.42,0.0
2021-03-26 15:45:00,1.0,68.0,613.3,0.0,1.0,68.0,613.44,0.0
2021-03-26 15:50:00,1.0,68.0,611.56,0.0,1.0,7.0,611.79,0.0
2021-03-26 15:55:00,2.0,60.0,614.74,0.0,2.0,65.0,614.95,0.0
2021-03-29 09:30:00,1.0,1.0,615.3,0.0,1.0,9.0,615.67,0.0
2021-03-29 09:35:00,1.0,7.0,612.41,0.0,1.0,1.0,612.6,0.0
2021-03-29 09:40:00,1.0,4.0,612.46,0.0,1.0,65.0,612.72,0.0
2021-03-29 09:45:00,1.0,1.0,606.83,0.0,1.0,1.0,607.0,0.0
2021-03-29 09:50:00,2.0,43.0,604.62,0.0,1.0,1.0,604.98,0.0
2021-03-29 09:55:00,2.0,1.0,599.97,0.0,1.0,1.0,600.31,0.0
2021-03-29 10:00:00,1.0,65.0,601.36,0.0,1.0,60.0,601.75,0.0
2021-03-29 10:05:00,1.0,1.0,601.28,0.0,2.0,65.0,601.5,0.0
2021-03-29 10:10:00,4.0,1.0,598.91,0.0,1.0,65.0,599.13,0.0
2021-03-29 10:15:00,1.0,3.0,604.8,0.0,1.0,1.0,604.97,0.0
2021-03-29 10:20:00,1.0,65.0,606.44,0.0,3.0,65.0,606.58,0.0
2021-03-29 10:25:00,1.0,7.0,604.64,0.0,1.0,65.0,604.95,0.0
2021-03-29 10:30:00,1.0,1.0,601.03,0.0,1.0,3.0,601.19,0.0
2021-03-29 10:35:00,1.0,1.0,603.21,0.0,1.0,7.0,603.5,0.0
2021-03-29 10:40:00,1.0,60.0,607.1,0.0,1.0,7.0,607.39,0.0
2021-03-29 10:45:00,2.0,65.0,608.53,0.0,1.0,60.0,608.7,0.0
2021-03-29 10:50:00,1.0,1.0,607.6,0.0,1.0,1.0,607.77,0.0
2021-03-29 10:55:00,1.0,43.0,605.07,0.0,3.0,1.0,605.45,0.0
2021-03-29 11:00:00,1.0,68.0,606.2,0.0,1.0,68.0,606.67,0.0
2021-03-29 11:05:00,1.0,7.0,603.05,0.0,1.0,60.0,603.25,0.0
2021-03-29 11:10:00,1.0,1.0,601.86,0.0,2.0,65.0,602.0,0.0
2021-03-29 11:15:00,1.0,65.0,600.01,0.0,1.0,60.0,600.28,0.0
2021-03-29 11:20:00,1.0,7.0,601.02,0.0,1.0,65.0,601.23,0.0
2021-03-29 11:25:00,1.0,1.0,602.34,0.0,1.0,9.0,602.55,0.0
2021-03-29 11:30:00,1.0,1.0,602.83,0.0,1.0,4.0,603.13,0.0
2021-03-29 11:35:00,1.0,68.0,602.67,0.0,1.0,17.0,602.92,0.0
2021-03-29 11:40:00,1.0,65.0,600.65,0.0,1.0,65.0,600.84,0.0
2021-03-29 11:45:00,2.0,65.0,601.5,0.0,1.0,1.0,601.79,0.0
2021-03-29 11:50:00,1.0,1.0,601.09,0.0,1.0,1.0,601.33,0.0
2021-03-29 11:55:00,1.0,43.0,607.87,0.0,1.0,7.0,608.04,0.0
2021-03-29 12:00:00,1.0,43.0,607.84,0.0,1.0,60.0,608.11,0.0
2021-03-29 12:05:00,1.0,65.0,605.85,0.0,1.0,65.0,606.03,0.0
2021-03-29 12:10:00,1.0,43.0,603.91,0.0,1.0,1.0,604.12,0.0
2021-03-29 12:15:00,1.0,1.0,604.05,0.0,1.0,68.0,604.23,0.0
2021-03-29 12:20:00,1.0,1.0,602.33,0.0,1.0,1.0,602.53,0.0
2021-03-29 12:25:00,1.0,43.0,602.2,0.0,1.0,1.0,602.37,0.0
2021-03-29 12:30:00,1.0,7.0,603.78,0.0,2.0,1.0,604.0,0.0
2021-03-29 12:35:00,1.0,1.0,603.5,0.0,1.0,65.0,603.65,0.0
2021-03-29 12:40:00,1.0,1.0,603.76,0.0,1.0,60.0,603.9,0.0
2021-03-29 12:45:00,1.0,65.0,605.75,0.0,1.0,1.0,605.85,0.0
2021-03-29 12:50:00,1.0,3.0,604.41,0.0,1.0,1.0,604.59,0.0
2021-03-29 12:55:00,1.0,43.0,607.71,0.0,1.0,1.0,607.98,0.0
2021-03-29 13:00:00,1.0,64.0,609.26,0.0,1.0,68.0,609.38,0.0
2021-03-29 13:05:00,2.0,43.0,612.49,0.0,1.0,68.0,612.64,0.0
2021-03-29 13:10:00,1.0,1.0,610.83,0.0,1.0,43.0,610.97,0.0
2021-03-29 13:15:00,1.0,1.0,614.08,0.0,1.0,7.0,614.25,0.0
2021-03-29 13:20:00,1.0,43.0,612.3,0.0,1.0,1.0,612.4,0.0
2021-03-29 13:25:00,1.0,1.0,612.35,0.0,1.0,1.0,612.5,0.0
2021-03-29 13:30:00,1.0,65.0,609.32,0.0,1.0,65.0,609.44,0.0
2021-03-29 13:35:00,2.0,43.0,610.47,0.0,1.0,4.0,610.67,0.0
2021-03-29 13:40:00,1.0,4.0,609.46,0.0,1.0,1.0,609.72,0.0
2021-03-29 13:45:00,1.0,65.0,608.15,0.0,1.0,1.0,608.35,0.0
2021-03-29 13:50:00,1.0,1.0,607.32,0.0,1.0,43.0,607.49,0.0
2021-03-29 13:55:00,1.0,60.0,606.82,0.0,1.0,7.0,607.09,0.0
2021-03-29 14:00:00,1.0,43.0,606.8,0.0,1.0,1.0,606.97,0.0
2021-03-29 14:05:00,1.0,65.0,607.96,0.0,1.0,60.0,608.02,0.0
2021-03-29 14:10:00,2.0,65.0,607.54,0.0,1.0,65.0,607.8,0.0
2021-03-29 14:15:00,1.0,7.0,608.32,0.0,1.0,65.0,608.48,0.0
2021-03-29 14:20:00,1.0,60.0,608.06,0.0,2.0,1.0,608.25,0.0
2021-03-29 14:25:00,1.0,1.0,609.64,0.0,1.0,65.0,609.87,0.0
2021-03-29 14:30:00,1.0,1.0,609.5,0.0,1.0,7.0,609.63,0.0
2021-03-29 14:35:00,1.0,68.0,606.93,0.0,1.0,1.0,607.09,0.0
2021-03-29 14:40:00,2.0,7.0,605.9,0.0,1.0,1.0,606.09,0.0
2021-03-29 14:45:00,1.0,65.0,606.49,0.0,1.0,60.0,606.62,0.0
2021-03-29 14:50:00,2.0,65.0,608.62,0.0,2.0,43.0,608.82,0.0
2021-03-29 14:55:00,1.0,1.0,609.2,0.0,2.0,1.0,609.41,0.0
2021-03-29 15:00:00,1.0,1.0,607.79,0.0,2.0,65.0,608.0,0.0
2021-03-29 15:05:00,1.0,1.0,610.5,0.0,1.0,65.0,610.56,0.0
2021-03-29 15:10:00,1.0,1.0,610.11,0.0,1.0,65.0,610.28,0.0
2021-03-29 15:15:00,1.0,1.0,611.88,0.0,2.0,43.0,612.29,0.0
2021-03-29 15:20:00,2.0,43.0,611.19,0.0,1.0,43.0,611.44,0.0
2021-03-29 15:25:00,2.0,43.0,611.85,0.0,1.0,60.0,612.09,0.0
2021-03-29 15:30:00,1.0,60.0,610.88,0.0,1.0,1.0,610.98,0.0
2021-03-29 15:35:00,1.0,1.0,609.99,0.0,1.0,65.0,610.15,0.0
2021-03-29 15:40:00,1.0,1.0,612.75,0.0,1.0,43.0,613.06,0.0
2021-03-29 15:45:00,1.0,1.0,609.11,0.0,1.0,7.0,609.26,0.0
2021-03-29 15:50:00,1.0,65.0,609.94,0.0,1.0,1.0,610.17,0.0
2021-03-29 15:55:00,1.0,60.0,609.67,0.0,1.0,1.0,609.95,0.0
2021-03-30 09:30:00,2.0,1.0,601.26,0.0,1.0,1.0,601.99,0.0
2021-03-30 09:35:00,1.0,7.0,596.66,0.0,2.0,1.0,596.88,0.0
2021-03-30 09:40:00,1.0,65.0,597.75,0.0,1.0,65.0,598.19,0.0
2021-03-30 09:45:00,1.0,43.0,593.32,0.0,1.0,43.0,593.68,0.0
2021-03-30 09:50:00,1.0,43.0,594.36,0.0,5.0,7.0,594.68,0.0
2021-03-30 09:55:00,1.0,43.0,595.12,0.0,1.0,7.0,595.38,0.0
2021-03-30 10:00:00,2.0,60.0,594.3,0.0,2.0,65.0,594.75,0.0
2021-03-30 10:05:00,2.0,43.0,596.17,0.0,2.0,65.0,596.51,0.0
2021-03-30 10:10:00,1.0,1.0,598.7,0.0,1.0,7.0,598.9,0.0
2021-03-30 10:15:00,1.0,43.0,603.29,0.0,1.0,1.0,603.45,0.0
2021-03-30 10:20:00,3.0,65.0,599.99,0.0,1.0,65.0,600.23,0.0
2021-03-30 10:25:00,1.0,1.0,598.43,0.0,1.0,43.0,598.73,0.0
2021-03-30 10:30:00,1.0,68.0,602.82,0.0,2.0,1.0,603.28,0.0
2021-03-30 10:35:00,2.0,43.0,606.78,0.0,1.0,65.0,606.97,0.0
2021-03-30 10:40:00,1.0,1.0,608.21,0.0,1.0,43.0,608.47,0.0
2021-03-30 10:45:00,1.0,1.0,614.78,0.0,1.0,68.0,614.98,0.0
2021-03-30 10:50:00,11.0,7.0,612.79,0.0,1.0,7.0,612.93,0.0
2021-03-30 10:55:00,1.0,73.0,612.9,0.0,2.0,43.0,613.18,0.0
2021-03-30 11:00:00,1.0,43.0,614.19,0.0,1.0,65.0,614.46,0.0
2021-03-30 11:05:00,1.0,1.0,613.41,0.0,1.0,7.0,613.69,0.0
2021-03-30 11:10:00,1.0,68.0,619.3,0.0,1.0,1.0,619.49,0.0
2021-03-30 11:15:00,1.0,7.0,621.6,0.0,1.0,43.0,621.85,0.0
2021-03-30 11:20:00,1.0,7.0,622.26,0.0,1.0,68.0,622.52,0.0
2021-03-30 11:25:00,1.0,43.0,620.45,0.0,1.0,43.0,620.72,0.0
2021-03-30 11:30:00,1.0,43.0,622.89,0.0,1.0,68.0,623.1,0.0
2021-03-30 11:35:00,1.0,7.0,626.08,0.0,1.0,65.0,626.33,0.0
2021-03-30 11:40:00,1.0,43.0,632.34,0.0,1.0,1.0,632.61,0.0
2021-03-30 11:45:00,1.0,7.0,629.85,0.0,2.0,1.0,630.0,0.0
2021-03-30 11:50:00,2.0,65.0,627.42,0.0,1.0,1.0,627.66,0.0
2021-03-30 11:55:00,1.0,9.0,626.3,0.0,1.0,1.0,626.5,0.0
2021-03-30 12:00:00,1.0,68.0,624.85,0.0,1.0,68.0,625.11,0.0
2021-03-30 12:05:00,2.0,1.0,625.2,0.0,1.0,43.0,625.39,0.0
2021-03-30 12:10:00,2.0,43.0,627.84,0.0,9.0,1.0,628.0,0.0
2021-03-30 12:15:00,1.0,1.0,624.81,0.0,1.0,68.0,624.97,0.0
2021-03-30 12:20:00,1.0,7.0,621.21,0.0,1.0,3.0,621.44,0.0
2021-03-30 12:25:00,2.0,43.0,622.77,0.0,4.0,65.0,622.99,0.0
2021-03-30 12:30:00,1.0,68.0,623.9,0.0,1.0,68.0,624.14,0.0
2021-03-30 12:35:00,1.0,73.0,621.87,0.0,1.0,65.0,622.05,0.0
2021-03-30 12:40:00,1.0,65.0,625.23,0.0,1.0,65.0,625.35,0.0
2021-03-30 12:45:00,1.0,43.0,622.69,0.0,1.0,43.0,623.0,0.0
2021-03-30 12:50:00,1.0,43.0,624.17,0.0,1.0,1.0,624.51,0.0
2021-03-30 12:55:00,1.0,68.0,621.3,0.0,1.0,65.0,621.45,0.0
2021-03-30 13:00:00,1.0,1.0,619.04,0.0,2.0,43.0,619.2,0.0
2021-03-30 13:05:00,1.0,7.0,618.66,0.0,4.0,1.0,619.0,0.0
2021-03-30 13:10:00,1.0,43.0,617.36,0.0,1.0,3.0,617.61,0.0
2021-03-30 13:15:00,1.0,60.0,618.12,0.0,1.0,3.0,618.32,0.0
2021-03-30 13:20:00,1.0,68.0,619.65,0.0,1.0,1.0,619.78,0.0
2021-03-30 13:25:00,1.0,68.0,621.85,0.0,1.0,7.0,622.05,0.0
2021-03-30 13:30:00,1.0,68.0,621.09,0.0,1.0,60.0,621.49,0.0
2021-03-30 13:35:00,2.0,43.0,619.51,0.0,1.0,1.0,619.71,0.0
2021-03-30 13:40:00,1.0,3.0,621.38,0.0,1.0,8.0,621.7,0.0
2021-03-30 13:45:00,1.0,1.0,619.65,0.0,2.0,43.0,619.88,0.0
2021-03-30 13:50:00,1.0,43.0,618.59,0.0,1.0,1.0,618.74,0.0
2021-03-30 13:55:00,1.0,7.0,618.59,0.0,1.0,43.0,618.82,0.0
2021-03-30 14:00:00,1.0,7.0,617.21,0.0,1.0,73.0,617.4,0.0
2021-03-30 14:05:00,1.0,7.0,617.5,0.0,1.0,68.0,617.56,0.0
2021-03-30 14:10:00,1.0,7.0,618.32,0.0,1.0,68.0,618.49,0.0
2021-03-30 14:15:00,1.0,60.0,619.21,0.0,1.0,60.0,619.4,0.0
2021-03-30 14:20:00,1.0,65.0,619.39,0.0,2.0,65.0,619.62,0.0
2021-03-30 14:25:00,2.0,60.0,618.65,0.0,1.0,64.0,618.88,0.0
2021-03-30 14:30:00,1.0,73.0,619.77,0.0,1.0,68.0,619.88,0.0
2021-03-30 14:35:00,4.0,1.0,622.65,0.0,1.0,1.0,622.82,0.0
2021-03-30 14:40:00,1.0,65.0,622.73,0.0,25.0,7.0,623.0,0.0
2021-03-30 14:45:00,1.0,68.0,625.0,0.0,1.0,1.0,625.2,0.0
2021-03-30 14:50:00,1.0,43.0,624.72,0.0,2.0,43.0,625.02,0.0
2021-03-30 14:55:00,2.0,43.0,627.45,0.0,1.0,65.0,627.83,0.0
2021-03-30 15:00:00,2.0,60.0,628.62,0.0,1.0,7.0,628.79,0.0
2021-03-30 15:05:00,1.0,7.0,629.83,0.0,1.0,7.0,630.05,0.0
2021-03-30 15:10:00,1.0,65.0,630.0,0.0,1.0,1.0,630.17,0.0
2021-03-30 15:15:00,1.0,68.0,632.46,0.0,3.0,1.0,632.71,0.0
2021-03-30 15:20:00,1.0,7.0,631.63,0.0,1.0,64.0,631.78,0.0
2021-03-30 15:25:00,1.0,68.0,631.65,0.0,14.0,1.0,631.8,0.0
2021-03-30 15:30:00,1.0,1.0,630.53,0.0,1.0,1.0,630.78,0.0
2021-03-30 15:35:00,1.0,43.0,632.39,0.0,24.0,65.0,632.6,0.0
2021-03-30 15:40:00,1.0,64.0,634.66,0.0,1.0,3.0,634.78,0.0
2021-03-30 15:45:00,2.0,7.0,635.83,0.0,3.0,65.0,636.21,0.0
2021-03-30 15:50:00,1.0,65.0,636.17,0.0,2.0,1.0,636.6,0.0
2021-03-30 15:55:00,1.0,1.0,633.5,0.0,1.0,60.0,633.98,0.0
2021-03-31 09:30:00,1.0,1.0,646.24,0.0,4.0,1.0,646.32,0.0
2021-03-31 09:35:00,1.0,60.0,646.33,0.0,1.0,65.0,646.82,0.0
2021-03-31 09:40:00,1.0,7.0,651.0,0.0,2.0,65.0,651.17,0.0
2021-03-31 09:45:00,2.0,65.0,652.34,0.0,2.0,43.0,652.66,0.0
2021-03-31 09:50:00,1.0,7.0,650.1,0.0,1.0,7.0,650.37,0.0
2021-03-31 09:55:00,1.0,7.0,645.11,0.0,2.0,7.0,645.39,0.0
2021-03-31 10:00:00,1.0,43.0,648.49,0.0,1.0,7.0,648.69,0.0
2021-03-31 10:05:00,1.0,9.0,650.35,0.0,1.0,63.0,650.62,0.0
2021-03-31 10:10:00,1.0,63.0,655.89,0.0,2.0,43.0,656.09,0.0
2021-03-31 10:15:00,1.0,1.0,658.73,0.0,1.0,9.0,658.99,0.0
2021-03-31 10:20:00,1.0,65.0,657.51,0.0,2.0,43.0,657.85,0.0
2021-03-31 10:25:00,1.0,68.0,656.89,0.0,1.0,1.0,657.08,0.0
2021-03-31 10:30:00,1.0,7.0,656.0,0.0,1.0,65.0,656.28,0.0
2021-03-31 10:35:00,1.0,65.0,656.01,0.0,1.0,7.0,656.18,0.0
2021-03-31 10:40:00,1.0,43.0,661.23,0.0,1.0,65.0,661.47,0.0
2021-03-31 10:45:00,1.0,65.0,662.31,0.0,2.0,60.0,662.46,0.0
2021-03-31 10:50:00,3.0,7.0,659.82,0.0,1.0,60.0,659.98,0.0
2021-03-31 10:55:00,2.0,9.0,662.05,0.0,1.0,68.0,662.21,0.0
2021-03-31 11:00:00,1.0,43.0,660.58,0.0,1.0,43.0,660.81,0.0
2021-03-31 11:05:00,1.0,65.0,658.38,0.0,1.0,7.0,658.74,0.0
2021-03-31 11:10:00,2.0,60.0,658.0,0.0,1.0,60.0,658.12,0.0
2021-03-31 11:15:00,1.0,1.0,657.63,0.0,1.0,7.0,657.77,0.0
2021-03-31 11:20:00,1.0,1.0,657.22,0.0,1.0,60.0,657.39,0.0
2021-03-31 11:25:00,1.0,1.0,659.41,0.0,3.0,1.0,659.52,0.0
2021-03-31 11:30:00,1.0,68.0,659.93,0.0,1.0,68.0,660.1,0.0
2021-03-31 11:35:00,1.0,1.0,658.61,0.0,1.0,60.0,658.82,0.0
2021-03-31 11:40:00,1.0,7.0,658.23,0.0,1.0,68.0,658.49,0.0
2021-03-31 11:45:00,1.0,1.0,656.12,0.0,2.0,1.0,656.23,0.0
2021-03-31 11:50:00,1.0,60.0,656.04,0.0,1.0,1.0,656.22,0.0
2021-03-31 11:55:00,1.0,7.0,656.73,0.0,1.0,43.0,657.0,0.0
2021-03-31 12:00:00,1.0,43.0,657.91,0.0,1.0,68.0,658.12,0.0
2021-03-31 12:05:00,1.0,3.0,658.77,0.0,1.0,64.0,659.0,0.0
2021-03-31 12:10:00,1.0,65.0,659.4,0.0,1.0,43.0,659.54,0.0
2021-03-31 12:15:00,2.0,43.0,659.84,0.0,2.0,1.0,660.0,0.0
2021-03-31 12:20:00,1.0,68.0,659.76,0.0,1.0,68.0,659.96,0.0
2021-03-31 12:25:00,1.0,7.0,660.03,0.0,1.0,60.0,660.2,0.0
2021-03-31 12:30:00,1.0,7.0,659.05,0.0,1.0,64.0,659.21,0.0
2021-03-31 12:35:00,1.0,60.0,660.58,0.0,2.0,1.0,660.73,0.0
2021-03-31 12:40:00,1.0,64.0,664.14,0.0,2.0,60.0,664.26,0.0
2021-03-31 12:45:00,1.0,65.0,663.13,0.0,1.0,65.0,663.3,0.0
2021-03-31 12:50:00,1.0,1.0,662.53,0.0,1.0,63.0,662.73,0.0
2021-03-31 12:55:00,1.0,65.0,664.88,0.0,1.0,7.0,665.08,0.0
2021-03-31 13:00:00,1.0,65.0,663.2,0.0,1.0,60.0,663.38,0.0
2021-03-31 13:05:00,2.0,1.0,661.95,0.0,1.0,1.0,662.16,0.0
2021-03-31 13:10:00,1.0,1.0,661.19,0.0,1.0,43.0,661.38,0.0
2021-03-31 13:15:00,2.0,65.0,662.52,0.0,1.0,1.0,662.64,0.0
2021-03-31 13:20:00,1.0,43.0,661.89,0.0,1.0,7.0,662.03,0.0
2021-03-31 13:25:00,1.0,64.0,662.66,0.0,1.0,68.0,662.81,0.0
2021-03-31 13:30:00,1.0,60.0,664.71,0.0,1.0,68.0,664.84,0.0
2021-03-31 13:35:00,1.0,7.0,663.65,0.0,1.0,1.0,663.82,0.0
2021-03-31 13:40:00,1.0,1.0,663.02,0.0,1.0,68.0,663.11,0.0
2021-03-31 13:45:00,1.0,60.0,662.05,0.0,1.0,68.0,662.21,0.0
2021-03-31 13:50:00,2.0,65.0,662.05,0.0,1.0,43.0,662.29,0.0
2021-03-31 13:55:00,1.0,1.0,662.16,0.0,1.0,7.0,662.33,0.0
2021-03-31 14:00:00,1.0,65.0,660.3,0.0,1.0,68.0,660.45,0.0
2021-03-31 14:05:00,2.0,43.0,660.69,0.0,2.0,7.0,660.9,0.0
2021-03-31 14:10:00,1.0,43.0,660.34,0.0,1.0,68.0,660.45,0.0
2021-03-31 14:15:00,5.0,65.0,661.5,0.0,2.0,65.0,661.71,0.0
2021-03-31 14:20:00,1.0,68.0,663.04,0.0,1.0,1.0,663.24,0.0
2021-03-31 14:25:00,2.0,43.0,664.02,0.0,3.0,1.0,664.2,0.0
2021-03-31 14:30:00,1.0,65.0,664.79,0.0,1.0,43.0,664.99,0.0
2021-03-31 14:35:00,1.0,63.0,664.07,0.0,1.0,7.0,664.27,0.0
2021-03-31 14:40:00,2.0,1.0,663.88,0.0,1.0,68.0,664.01,0.0
2021-03-31 14:45:00,1.0,1.0,663.02,0.0,1.0,43.0,663.22,0.0
2021-03-31 14:50:00,1.0,65.0,664.63,0.0,1.0,65.0,664.83,0.0
2021-03-31 14:55:00,5.0,1.0,667.5,0.0,1.0,3.0,667.67,0.0
2021-03-31 15:00:00,2.0,60.0,667.44,0.0,1.0,1.0,667.59,0.0
2021-03-31 15:05:00,1.0,64.0,669.21,0.0,1.0,7.0,669.39,0.0
2021-03-31 15:10:00,2.0,65.0,670.86,0.0,1.0,1.0,671.01,0.0
2021-03-31 15:15:00,1.0,1.0,670.35,0.0,1.0,43.0,670.58,0.0
2021-03-31 15:20:00,1.0,1.0,668.65,0.0,2.0,43.0,668.86,0.0
2021-03-31 15:25:00,2.0,65.0,669.13,0.0,1.0,3.0,669.28,0.0
2021-03-31 15:30:00,1.0,1.0,669.2,0.0,1.0,11.0,669.34,0.0
2021-03-31 15:35:00,1.0,1.0,669.6,0.0,1.0,65.0,669.64,0.0
2021-03-31 15:40:00,1.0,1.0,668.56,0.0,1.0,1.0,668.74,0.0
2021-03-31 15:45:00,1.0,65.0,667.22,0.0,2.0,43.0,667.35,0.0
2021-03-31 15:50:00,1.0,1.0,668.43,0.0,1.0,1.0,668.67,0.0
2021-03-31 15:55:00,1.0,9.0,669.81,0.0,1.0,1.0,670.0,0.0
2021-04-01 09:30:00,2.0,9.0,688.02,0.0,1.0,1.0,688.33,0.0
2021-04-01 09:35:00,3.0,65.0,684.22,0.0,1.0,68.0,684.48,0.0
2021-04-01 09:40:00,2.0,43.0,683.58,0.0,1.0,1.0,683.86,0.0
2021-04-01 09:45:00,1.0,1.0,684.11,0.0,1.0,7.0,684.32,0.0
2021-04-01 09:50:00,1.0,7.0,688.7,0.0,2.0,60.0,688.86,0.0
2021-04-01 09:55:00,1.0,60.0,689.28,0.0,1.0,68.0,689.44,0.0
2021-04-01 10:00:00,1.0,1.0,685.81,0.0,1.0,7.0,686.2,0.0
2021-04-01 10:05:00,1.0,65.0,684.61,0.0,1.0,7.0,684.81,0.0
2021-04-01 10:10:00,1.0,1.0,687.1,0.0,1.0,7.0,687.34,0.0
2021-04-01 10:15:00,1.0,60.0,687.25,0.0,1.0,68.0,687.47,0.0
2021-04-01 10:20:00,1.0,65.0,684.45,0.0,2.0,7.0,684.65,0.0
2021-04-01 10:25:00,1.0,68.0,682.7,0.0,1.0,7.0,682.87,0.0
2021-04-01 10:30:00,1.0,7.0,682.78,0.0,1.0,7.0,683.08,0.0
2021-04-01 10:35:00,1.0,68.0,681.77,0.0,1.0,7.0,681.96,0.0
2021-04-01 10:40:00,1.0,8.0,681.41,0.0,1.0,7.0,681.64,0.0
2021-04-01 10:45:00,1.0,68.0,683.63,0.0,1.0,68.0,683.8,0.0
2021-04-01 10:50:00,2.0,60.0,680.82,0.0,1.0,7.0,680.99,0.0
2021-04-01 10:55:00,1.0,7.0,677.26,0.0,1.0,1.0,677.45,0.0
2021-04-01 11:00:00,1.0,43.0,677.14,0.0,2.0,60.0,677.31,0.0
2021-04-01 11:05:00,1.0,68.0,678.18,0.0,1.0,68.0,678.45,0.0
2021-04-01 11:10:00,1.0,3.0,674.98,0.0,1.0,9.0,675.16,0.0
2021-04-01 11:15:00,1.0,7.0,674.34,0.0,1.0,43.0,674.52,0.0
2021-04-01 11:20:00,1.0,1.0,672.71,0.0,1.0,43.0,672.95,0.0
2021-04-01 11:25:00,1.0,7.0,674.95,0.0,1.0,68.0,675.14,0.0
2021-04-01 11:30:00,2.0,43.0,677.28,0.0,1.0,1.0,677.48,0.0
2021-04-01 11:35:00,30.0,1.0,678.22,0.0,1.0,68.0,678.29,0.0
2021-04-01 11:40:00,1.0,68.0,675.16,0.0,1.0,43.0,675.31,0.0
2021-04-01 11:45:00,1.0,43.0,674.41,0.0,1.0,1.0,674.55,0.0
2021-04-01 11:50:00,1.0,7.0,675.47,0.0,2.0,60.0,675.61,0.0
2021-04-01 11:55:00,1.0,7.0,673.87,0.0,1.0,43.0,674.15,0.0
2021-04-01 12:00:00,2.0,65.0,671.83,0.0,3.0,65.0,672.0,0.0
2021-04-01 12:05:00,1.0,1.0,673.95,0.0,1.0,65.0,674.1,0.0
2021-04-01 12:10:00,1.0,65.0,673.55,0.0,1.0,43.0,673.69,0.0
2021-04-01 12:15:00,1.0,64.0,674.59,0.0,1.0,9.0,674.74,0.0
2021-04-01 12:20:00,26.0,7.0,677.0,0.0,1.0,65.0,677.1,0.0
2021-04-01 12:25:00,2.0,43.0,677.27,0.0,1.0,65.0,677.47,0.0
2021-04-01 12:30:00,1.0,43.0,677.93,0.0,1.0,43.0,678.13,0.0
2021-04-01 12:35:00,2.0,1.0,675.3,0.0,1.0,3.0,675.47,0.0
2021-04-01 12:40:00,1.0,65.0,674.71,0.0,1.0,68.0,674.84,0.0
2021-04-01 12:45:00,2.0,1.0,674.62,0.0,1.0,1.0,674.79,0.0
2021-04-01 12:50:00,1.0,68.0,672.61,0.0,2.0,43.0,672.73,0.0
2021-04-01 12:55:00,2.0,65.0,673.23,0.0,2.0,60.0,673.37,0.0
2021-04-01 13:00:00,1.0,1.0,673.44,0.0,1.0,7.0,673.56,0.0
2021-04-01 13:05:00,9.0,1.0,671.0,0.0,1.0,60.0,671.08,0.0
2021-04-01 13:10:00,1.0,7.0,668.29,0.0,1.0,1.0,668.46,0.0
2021-04-01 13:15:00,2.0,1.0,669.26,0.0,1.0,1.0,669.39,0.0
2021-04-01 13:20:00,1.0,68.0,666.71,0.0,1.0,60.0,666.86,0.0
2021-04-01 13:25:00,6.0,1.0,666.25,0.0,1.0,7.0,666.45,0.0
2021-04-01 13:30:00,1.0,60.0,667.47,0.0,1.0,60.0,667.71,0.0
2021-04-01 13:35:00,2.0,60.0,670.01,0.0,1.0,7.0,670.15,0.0
2021-04-01 13:40:00,1.0,7.0,670.23,0.0,1.0,65.0,670.4,0.0
2021-04-01 13:45:00,1.0,68.0,670.13,0.0,1.0,7.0,670.29,0.0
2021-04-01 13:50:00,1.0,65.0,668.7,0.0,1.0,65.0,668.78,0.0
2021-04-01 13:55:00,1.0,43.0,669.78,0.0,1.0,68.0,669.92,0.0
2021-04-01 14:00:00,1.0,43.0,668.04,0.0,1.0,7.0,668.2,0.0
2021-04-01 14:05:00,1.0,68.0,667.47,0.0,1.0,64.0,667.69,0.0
2021-04-01 14:10:00,1.0,3.0,666.72,0.0,1.0,7.0,666.86,0.0
2021-04-01 14:15:00,1.0,1.0,669.38,0.0,1.0,68.0,669.5,0.0
2021-04-01 14:20:00,1.0,7.0,668.06,0.0,1.0,43.0,668.31,0.0
2021-04-01 14:25:00,1.0,65.0,668.28,0.0,2.0,65.0,668.46,0.0
2021-04-01 14:30:00,1.0,1.0,669.34,0.0,2.0,65.0,669.5,0.0
2021-04-01 14:35:00,1.0,7.0,669.56,0.0,1.0,68.0,669.67,0.0
2021-04-01 14:40:00,1.0,1.0,668.84,0.0,2.0,43.0,669.02,0.0
2021-04-01 14:45:00,1.0,43.0,670.1,0.0,1.0,1.0,670.25,0.0
2021-04-01 14:50:00,1.0,65.0,669.22,0.0,4.0,60.0,669.37,0.0
2021-04-01 14:55:00,5.0,1.0,668.0,0.0,1.0,43.0,668.16,0.0
2021-04-01 15:00:00,1.0,1.0,668.87,0.0,1.0,1.0,668.91,0.0
2021-04-01 15:05:00,1.0,68.0,666.5,0.0,1.0,1.0,666.59,0.0
2021-04-01 15:10:00,1.0,64.0,664.83,0.0,5.0,1.0,664.96,0.0
2021-04-01 15:15:00,1.0,73.0,662.48,0.0,1.0,64.0,662.62,0.0
2021-04-01 15:20:00,1.0,60.0,662.12,0.0,1.0,43.0,662.3,0.0
2021-04-01 15:25:00,1.0,43.0,663.3,0.0,1.0,64.0,663.44,0.0
2021-04-01 15:30:00,2.0,1.0,663.0,0.0,1.0,7.0,663.15,0.0
2021-04-01 15:35:00,1.0,7.0,663.06,0.0,1.0,68.0,663.16,0.0
2021-04-01 15:40:00,1.0,1.0,660.38,0.0,1.0,43.0,660.52,0.0
2021-04-01 15:45:00,1.0,68.0,659.92,0.0,1.0,64.0,660.01,0.0
2021-04-01 15:50:00,1.0,65.0,661.32,0.0,1.0,68.0,661.44,0.0
2021-04-01 15:55:00,2.0,1.0,662.1,0.0,1.0,1.0,662.2,0.0
2021-04-05 09:30:00,1.0,7.0,707.63,0.0,6.0,7.0,708.0,0.0
2021-04-05 09:35:00,1.0,9.0,703.39,0.0,1.0,65.0,704.1,0.0
2021-04-05 09:40:00,1.0,1.0,699.54,0.0,1.0,68.0,699.83,0.0
2021-04-05 09:45:00,1.0,68.0,696.17,0.0,1.0,1.0,696.36,0.0
2021-04-05 09:50:00,1.0,1.0,702.64,0.0,1.0,7.0,702.88,0.0
2021-04-05 09:55:00,2.0,65.0,698.78,0.0,1.0,65.0,698.91,0.0
2021-04-05 10:00:00,1.0,7.0,694.67,0.0,1.0,43.0,694.9,0.0
2021-04-05 10:05:00,1.0,68.0,693.59,0.0,1.0,64.0,693.81,0.0
2021-04-05 10:10:00,1.0,3.0,692.26,0.0,1.0,68.0,692.52,0.0
2021-04-05 10:15:00,1.0,1.0,690.7,0.0,1.0,1.0,690.86,0.0
2021-04-05 10:20:00,1.0,7.0,695.55,0.0,1.0,65.0,695.69,0.0
2021-04-05 10:25:00,2.0,7.0,695.78,0.0,1.0,7.0,695.94,0.0
2021-04-05 10:30:00,2.0,7.0,699.79,0.0,1.0,3.0,699.97,0.0
2021-04-05 10:35:00,1.0,7.0,700.43,0.0,1.0,1.0,700.52,0.0
2021-04-05 10:40:00,1.0,68.0,696.44,0.0,1.0,11.0,696.56,0.0
2021-04-05 10:45:00,1.0,43.0,695.55,0.0,1.0,1.0,695.77,0.0
2021-04-05 10:50:00,1.0,7.0,698.84,0.0,2.0,65.0,698.98,0.0
2021-04-05 10:55:00,1.0,68.0,693.86,0.0,1.0,60.0,694.03,0.0
2021-04-05 11:00:00,1.0,68.0,693.98,0.0,1.0,60.0,694.18,0.0
2021-04-05 11:05:00,1.0,43.0,695.72,0.0,1.0,65.0,695.9,0.0
2021-04-05 11:10:00,2.0,43.0,695.74,0.0,1.0,9.0,695.94,0.0
2021-04-05 11:15:00,1.0,43.0,696.54,0.0,1.0,68.0,696.86,0.0
2021-04-05 11:20:00,2.0,1.0,698.18,0.0,1.0,43.0,698.38,0.0
2021-04-05 11:25:00,1.0,7.0,696.87,0.0,1.0,68.0,697.0,0.0
2021-04-05 11:30:00,1.0,9.0,696.56,0.0,1.0,7.0,696.8,0.0
2021-04-05 11:35:00,1.0,7.0,698.81,0.0,1.0,7.0,698.98,0.0
2021-04-05 11:40:00,1.0,3.0,695.02,0.0,1.0,7.0,695.16,0.0
2021-04-05 11:45:00,1.0,7.0,694.67,0.0,1.0,68.0,694.85,0.0
2021-04-05 11:50:00,1.0,7.0,693.63,0.0,1.0,1.0,693.73,0.0
2021-04-05 11:55:00,1.0,7.0,694.7,0.0,1.0,65.0,694.87,0.0
2021-04-05 12:00:00,4.0,1.0,694.5,0.0,1.0,43.0,694.69,0.0
2021-04-05 12:05:00,1.0,1.0,697.18,0.0,1.0,65.0,697.36,0.0
2021-04-05 12:10:00,1.0,43.0,694.83,0.0,1.0,43.0,695.1,0.0
2021-04-05 12:15:00,1.0,65.0,694.6,0.0,1.0,3.0,694.8,0.0
2021-04-05 12:20:00,1.0,1.0,694.66,0.0,1.0,68.0,694.84,0.0
2021-04-05 12:25:00,2.0,1.0,695.1,0.0,1.0,9.0,695.25,0.0
2021-04-05 12:30:00,2.0,65.0,692.1,0.0,1.0,7.0,692.43,0.0
2021-04-05 12:35:00,2.0,1.0,692.57,0.0,1.0,7.0,692.74,0.0
2021-04-05 12:40:00,1.0,65.0,688.66,0.0,1.0,7.0,688.88,0.0
2021-04-05 12:45:00,1.0,68.0,688.01,0.0,1.0,65.0,688.18,0.0
2021-04-05 12:50:00,15.0,65.0,688.0,0.0,1.0,43.0,688.29,0.0
2021-04-05 12:55:00,1.0,1.0,685.7,0.0,2.0,1.0,685.89,0.0
2021-04-05 13:00:00,1.0,43.0,686.91,0.0,1.0,7.0,687.17,0.0
2021-04-05 13:05:00,1.0,7.0,689.0,0.0,1.0,65.0,689.17,0.0
2021-04-05 13:10:00,1.0,68.0,689.2,0.0,1.0,7.0,689.38,0.0
2021-04-05 13:15:00,1.0,7.0,689.23,0.0,1.0,68.0,689.4,0.0
2021-04-05 13:20:00,1.0,7.0,691.12,0.0,1.0,64.0,691.27,0.0
2021-04-05 13:25:00,1.0,7.0,690.52,0.0,1.0,3.0,690.67,0.0
2021-04-05 13:30:00,1.0,7.0,692.43,0.0,1.0,64.0,692.55,0.0
2021-04-05 13:35:00,2.0,43.0,691.59,0.0,1.0,9.0,691.79,0.0
2021-04-05 13:40:00,1.0,7.0,690.31,0.0,1.0,65.0,690.53,0.0
2021-04-05 13:45:00,1.0,1.0,691.55,0.0,3.0,65.0,691.7,0.0
2021-04-05 13:50:00,1.0,43.0,694.31,0.0,1.0,43.0,694.61,0.0
2021-04-05 13:55:00,1.0,43.0,697.3,0.0,1.0,7.0,697.66,0.0
2021-04-05 14:00:00,1.0,7.0,697.26,0.0,1.0,7.0,697.47,0.0
2021-04-05 14:05:00,1.0,1.0,698.93,0.0,1.0,68.0,699.06,0.0
2021-04-05 14:10:00,2.0,1.0,699.56,0.0,2.0,65.0,699.72,0.0
2021-04-05 14:15:00,1.0,7.0,699.28,0.0,1.0,60.0,699.5,0.0
2021-04-05 14:20:00,1.0,43.0,698.42,0.0,1.0,7.0,698.59,0.0
2021-04-05 14:25:00,1.0,73.0,697.74,0.0,1.0,65.0,697.95,0.0
2021-04-05 14:30:00,1.0,7.0,699.04,0.0,2.0,60.0,699.21,0.0
2021-04-05 14:35:00,2.0,60.0,701.37,0.0,1.0,43.0,701.56,0.0
2021-04-05 14:40:00,1.0,7.0,701.04,0.0,1.0,1.0,701.21,0.0
2021-04-05 14:45:00,1.0,68.0,699.81,0.0,1.0,1.0,699.88,0.0
2021-04-05 14:50:00,1.0,1.0,699.81,0.0,1.0,65.0,699.98,0.0
2021-04-05 14:55:00,1.0,7.0,700.82,0.0,1.0,65.0,701.0,0.0
2021-04-05 15:00:00,1.0,7.0,702.94,0.0,1.0,65.0,703.14,0.0
2021-04-05 15:05:00,1.0,60.0,701.86,0.0,1.0,1.0,701.96,0.0
2021-04-05 15:10:00,1.0,65.0,704.02,0.0,1.0,68.0,704.2,0.0
2021-04-05 15:15:00,1.0,7.0,704.21,0.0,2.0,65.0,704.39,0.0
2021-04-05 15:20:00,1.0,7.0,703.61,0.0,1.0,3.0,703.75,0.0
2021-04-05 15:25:00,1.0,68.0,701.34,0.0,2.0,7.0,701.48,0.0
2021-04-05 15:30:00,1.0,68.0,699.83,0.0,1.0,43.0,699.96,0.0
2021-04-05 15:35:00,1.0,1.0,696.66,0.0,1.0,1.0,696.82,0.0
2021-04-05 15:40:00,1.0,7.0,696.34,0.0,1.0,7.0,696.43,0.0
2021-04-05 15:45:00,1.0,1.0,693.88,0.0,4.0,7.0,694.0,0.0
2021-04-05 15:50:00,1.0,7.0,694.85,0.0,20.0,1.0,694.87,0.0
2021-04-05 15:55:00,1.0,7.0,692.76,0.0,1.0,1.0,692.94,0.0
2021-04-06 09:30:00,2.0,7.0,690.3,0.0,5.0,7.0,690.75,0.0
2021-04-06 09:35:00,1.0,7.0,686.51,0.0,3.0,60.0,686.74,0.0
2021-04-06 09:40:00,1.0,7.0,685.96,0.0,1.0,7.0,686.23,0.0
2021-04-06 09:45:00,1.0,3.0,684.9,0.0,1.0,7.0,685.09,0.0
2021-04-06 09:50:00,1.0,1.0,682.82,0.0,1.0,68.0,683.01,0.0
2021-04-06 09:55:00,1.0,68.0,684.1,0.0,1.0,3.0,684.36,0.0
2021-04-06 10:00:00,1.0,7.0,687.22,0.0,2.0,7.0,687.42,0.0
2021-04-06 10:05:00,1.0,7.0,687.85,0.0,1.0,73.0,688.11,0.0
2021-04-06 10:10:00,1.0,3.0,691.51,0.0,1.0,65.0,691.71,0.0
2021-04-06 10:15:00,1.0,1.0,689.92,0.0,1.0,3.0,690.15,0.0
2021-04-06 10:20:00,5.0,65.0,688.55,0.0,1.0,65.0,688.7,0.0
2021-04-06 10:25:00,1.0,7.0,690.62,0.0,1.0,68.0,690.88,0.0
2021-04-06 10:30:00,1.0,7.0,687.95,0.0,1.0,7.0,688.15,0.0
2021-04-06 10:35:00,1.0,7.0,687.0,0.0,2.0,7.0,687.26,0.0
2021-04-06 10:40:00,1.0,43.0,687.69,0.0,1.0,7.0,687.88,0.0
2021-04-06 10:45:00,2.0,7.0,688.8,0.0,1.0,43.0,689.06,0.0
2021-04-06 10:50:00,2.0,65.0,693.34,0.0,1.0,68.0,693.52,0.0
2021-04-06 10:55:00,1.0,43.0,693.73,0.0,1.0,7.0,693.93,0.0
2021-04-06 11:00:00,1.0,64.0,692.04,0.0,1.0,60.0,692.24,0.0
2021-04-06 11:05:00,1.0,68.0,689.93,0.0,1.0,7.0,690.19,0.0
2021-04-06 11:10:00,2.0,1.0,691.12,0.0,1.0,1.0,691.27,0.0
2021-04-06 11:15:00,1.0,68.0,690.36,0.0,1.0,43.0,690.5,0.0
2021-04-06 11:20:00,1.0,65.0,689.78,0.0,1.0,7.0,689.94,0.0
2021-04-06 11:25:00,2.0,1.0,693.75,0.0,2.0,7.0,693.91,0.0
2021-04-06 11:30:00,1.0,7.0,694.42,0.0,1.0,7.0,694.61,0.0
2021-04-06 11:35:00,1.0,7.0,693.01,0.0,1.0,68.0,693.2,0.0
2021-04-06 11:40:00,2.0,65.0,694.8,0.0,6.0,1.0,695.0,0.0
2021-04-06 11:45:00,1.0,43.0,693.83,0.0,1.0,7.0,694.14,0.0
2021-04-06 11:50:00,1.0,7.0,693.7,0.0,2.0,43.0,693.91,0.0
2021-04-06 11:55:00,2.0,43.0,693.06,0.0,1.0,7.0,693.27,0.0
2021-04-06 12:00:00,2.0,43.0,692.61,0.0,1.0,7.0,692.81,0.0
2021-04-06 12:05:00,1.0,43.0,691.28,0.0,1.0,43.0,691.5,0.0
2021-04-06 12:10:00,1.0,43.0,691.18,0.0,2.0,43.0,691.38,0.0
2021-04-06 12:15:00,1.0,7.0,689.38,0.0,1.0,60.0,689.55,0.0
2021-04-06 12:20:00,1.0,1.0,688.46,0.0,1.0,1.0,688.7,0.0
2021-04-06 12:25:00,1.0,60.0,689.28,0.0,2.0,7.0,689.44,0.0
2021-04-06 12:30:00,2.0,65.0,686.8,0.0,1.0,64.0,686.94,0.0
2021-04-06 12:35:00,1.0,7.0,688.84,0.0,1.0,68.0,688.96,0.0
2021-04-06 12:40:00,1.0,1.0,689.23,0.0,2.0,65.0,689.42,0.0
2021-04-06 12:45:00,1.0,68.0,689.71,0.0,1.0,1.0,689.84,0.0
2021-04-06 12:50:00,1.0,68.0,689.13,0.0,1.0,68.0,689.32,0.0
2021-04-06 12:55:00,1.0,60.0,688.98,0.0,1.0,43.0,689.16,0.0
2021-04-06 13:00:00,1.0,7.0,690.21,0.0,1.0,7.0,690.39,0.0
2021-04-06 13:05:00,1.0,1.0,689.97,0.0,1.0,64.0,690.12,0.0
2021-04-06 13:10:00,1.0,1.0,687.32,0.0,1.0,68.0,687.48,0.0
2021-04-06 13:15:00,1.0,68.0,687.88,0.0,1.0,64.0,688.09,0.0
2021-04-06 13:20:00,1.0,1.0,686.02,0.0,1.0,7.0,686.21,0.0
2021-04-06 13:25:00,1.0,1.0,685.66,0.0,2.0,7.0,685.82,0.0
2021-04-06 13:30:00,7.0,1.0,685.29,0.0,5.0,65.0,685.52,0.0
2021-04-06 13:35:00,1.0,7.0,687.57,0.0,1.0,68.0,687.74,0.0
2021-04-06 13:40:00,2.0,43.0,688.45,0.0,1.0,7.0,688.61,0.0
2021-04-06 13:45:00,1.0,7.0,688.77,0.0,1.0,7.0,688.93,0.0
2021-04-06 13:50:00,5.0,1.0,689.0,0.0,2.0,43.0,689.19,0.0
2021-04-06 13:55:00,2.0,43.0,689.85,0.0,1.0,1.0,689.99,0.0
2021-04-06 14:00:00,1.0,7.0,689.84,0.0,1.0,7.0,689.99,0.0
2021-04-06 14:05:00,1.0,1.0,692.57,0.0,1.0,7.0,692.67,0.0
2021-04-06 14:10:00,1.0,68.0,691.82,0.0,1.0,7.0,692.01,0.0
2021-04-06 14:15:00,1.0,7.0,692.27,0.0,1.0,65.0,692.41,0.0
2021-04-06 14:20:00,3.0,1.0,692.01,0.0,2.0,43.0,692.19,0.0
2021-04-06 14:25:00,1.0,68.0,693.88,0.0,1.0,73.0,693.98,0.0
2021-04-06 14:30:00,1.0,7.0,691.13,0.0,1.0,43.0,691.41,0.0
2021-04-06 14:35:00,1.0,7.0,692.07,0.0,2.0,1.0,692.27,0.0
2021-04-06 14:40:00,6.0,1.0,691.0,0.0,1.0,43.0,691.24,0.0
2021-04-06 14:45:00,1.0,9.0,693.84,0.0,1.0,7.0,693.95,0.0
2021-04-06 14:50:00,2.0,43.0,694.69,0.0,1.0,43.0,694.93,0.0
2021-04-06 14:55:00,1.0,9.0,694.43,0.0,1.0,7.0,694.62,0.0
2021-04-06 15:00:00,1.0,43.0,694.37,0.0,1.0,43.0,694.58,0.0
2021-04-06 15:05:00,1.0,7.0,693.63,0.0,1.0,7.0,693.84,0.0
2021-04-06 15:10:00,1.0,7.0,692.11,0.0,3.0,65.0,692.27,0.0
2021-04-06 15:15:00,7.0,65.0,692.89,0.0,1.0,7.0,693.08,0.0
2021-04-06 15:20:00,1.0,7.0,693.92,0.0,1.0,43.0,694.13,0.0
2021-04-06 15:25:00,1.0,43.0,693.96,0.0,1.0,64.0,694.13,0.0
2021-04-06 15:30:00,1.0,7.0,692.26,0.0,1.0,73.0,692.45,0.0
2021-04-06 15:35:00,1.0,65.0,691.68,0.0,1.0,64.0,691.84,0.0
2021-04-06 15:40:00,1.0,7.0,690.33,0.0,1.0,64.0,690.48,0.0
2021-04-06 15:45:00,1.0,7.0,690.39,0.0,1.0,7.0,690.48,0.0
2021-04-06 15:50:00,1.0,1.0,691.11,0.0,1.0,7.0,691.27,0.0
2021-04-06 15:55:00,1.0,7.0,691.31,0.0,1.0,1.0,691.44,0.0
2021-04-07 09:30:00,16.0,65.0,687.0,0.0,2.0,9.0,687.2,0.0
2021-04-07 09:35:00,1.0,68.0,682.48,0.0,2.0,7.0,682.8,0.0
2021-04-07 09:40:00,1.0,65.0,683.07,0.0,1.0,1.0,683.26,0.0
2021-04-07 09:45:00,2.0,60.0,685.55,0.0,4.0,65.0,685.95,0.0
2021-04-07 09:50:00,1.0,7.0,687.22,0.0,1.0,65.0,687.45,0.0
2021-04-07 09:55:00,1.0,1.0,685.2,0.0,1.0,60.0,685.52,0.0
2021-04-07 10:00:00,1.0,65.0,688.87,0.0,1.0,7.0,689.11,0.0
2021-04-07 10:05:00,1.0,1.0,687.35,0.0,1.0,65.0,687.51,0.0
2021-04-07 10:10:00,1.0,1.0,687.75,0.0,1.0,68.0,687.89,0.0
2021-04-07 10:15:00,1.0,43.0,688.58,0.0,1.0,43.0,688.84,0.0
2021-04-07 10:20:00,5.0,7.0,690.07,0.0,1.0,43.0,690.29,0.0
2021-04-07 10:25:00,1.0,65.0,690.18,0.0,1.0,7.0,690.39,0.0
2021-04-07 10:30:00,1.0,7.0,689.61,0.0,1.0,1.0,689.77,0.0
2021-04-07 10:35:00,1.0,3.0,688.45,0.0,10.0,65.0,688.6,0.0
2021-04-07 10:40:00,1.0,43.0,690.09,0.0,1.0,64.0,690.27,0.0
2021-04-07 10:45:00,1.0,65.0,688.33,0.0,1.0,7.0,688.52,0.0
2021-04-07 10:50:00,2.0,68.0,688.37,0.0,1.0,3.0,688.58,0.0
2021-04-07 10:55:00,20.0,1.0,687.03,0.0,1.0,63.0,687.13,0.0
2021-04-07 11:00:00,1.0,68.0,686.9,0.0,1.0,64.0,687.06,0.0
2021-04-07 11:05:00,2.0,43.0,687.6,0.0,1.0,7.0,687.72,0.0
2021-04-07 11:10:00,1.0,68.0,687.82,0.0,1.0,65.0,687.95,0.0
2021-04-07 11:15:00,1.0,3.0,687.73,0.0,1.0,43.0,687.89,0.0
2021-04-07 11:20:00,3.0,60.0,685.76,0.0,1.0,1.0,685.96,0.0
2021-04-07 11:25:00,4.0,1.0,684.52,0.0,1.0,7.0,684.63,0.0
2021-04-07 11:30:00,3.0,1.0,684.2,0.0,2.0,7.0,684.36,0.0
2021-04-07 11:35:00,5.0,65.0,684.0,0.0,2.0,43.0,684.18,0.0
2021-04-07 11:40:00,1.0,43.0,682.94,0.0,1.0,68.0,683.08,0.0
2021-04-07 11:45:00,1.0,9.0,683.61,0.0,1.0,65.0,683.78,0.0
2021-04-07 11:50:00,1.0,60.0,684.49,0.0,1.0,43.0,684.66,0.0
2021-04-07 11:55:00,1.0,63.0,685.03,0.0,1.0,68.0,685.21,0.0
2021-04-07 12:00:00,2.0,7.0,684.3,0.0,1.0,1.0,684.46,0.0
2021-04-07 12:05:00,1.0,65.0,683.87,0.0,1.0,65.0,683.99,0.0
2021-04-07 12:10:00,8.0,1.0,682.7,0.0,1.0,1.0,682.83,0.0
2021-04-07 12:15:00,2.0,1.0,680.78,0.0,1.0,43.0,680.91,0.0
2021-04-07 12:20:00,1.0,68.0,678.43,0.0,1.0,7.0,678.64,0.0
2021-04-07 12:25:00,1.0,1.0,679.58,0.0,1.0,73.0,679.78,0.0
2021-04-07 12:30:00,1.0,43.0,676.88,0.0,1.0,68.0,677.07,0.0
2021-04-07 12:35:00,1.0,1.0,678.27,0.0,4.0,60.0,678.53,0.0
2021-04-07 12:40:00,1.0,64.0,678.93,0.0,2.0,1.0,679.06,0.0
2021-04-07 12:45:00,1.0,68.0,678.3,0.0,1.0,68.0,678.46,0.0
2021-04-07 12:50:00,1.0,1.0,679.06,0.0,1.0,1.0,679.22,0.0
2021-04-07 12:55:00,1.0,68.0,677.15,0.0,2.0,1.0,677.31,0.0
2021-04-07 13:00:00,1.0,7.0,675.04,0.0,2.0,43.0,675.21,0.0
2021-04-07 13:05:00,2.0,43.0,675.57,0.0,1.0,4.0,675.78,0.0
2021-04-07 13:10:00,1.0,3.0,675.76,0.0,1.0,43.0,675.94,0.0
2021-04-07 13:15:00,1.0,43.0,676.48,0.0,1.0,7.0,676.77,0.0
2021-04-07 13:20:00,1.0,43.0,677.35,0.0,1.0,65.0,677.5,0.0
2021-04-07 13:25:00,1.0,60.0,677.11,0.0,1.0,7.0,677.22,0.0
2021-04-07 13:30:00,1.0,64.0,677.99,0.0,5.0,65.0,678.14,0.0
2021-04-07 13:35:00,2.0,43.0,677.72,0.0,1.0,7.0,677.9,0.0
2021-04-07 13:40:00,1.0,4.0,678.62,0.0,1.0,68.0,678.77,0.0
2021-04-07 13:45:00,1.0,7.0,678.73,0.0,1.0,65.0,678.89,0.0
2021-04-07 13:50:00,1.0,68.0,677.28,0.0,1.0,7.0,677.41,0.0
2021-04-07 13:55:00,1.0,1.0,676.23,0.0,2.0,65.0,676.44,0.0
2021-04-07 14:00:00,1.0,65.0,674.35,0.0,2.0,43.0,674.6,0.0
2021-04-07 14:05:00,2.0,65.0,677.47,0.0,1.0,43.0,677.61,0.0
2021-04-07 14:10:00,1.0,1.0,680.67,0.0,1.0,65.0,680.79,0.0
2021-04-07 14:15:00,1.0,68.0,680.66,0.0,2.0,1.0,680.78,0.0
2021-04-07 14:20:00,1.0,43.0,679.35,0.0,1.0,1.0,679.53,0.0
2021-04-07 14:25:00,1.0,1.0,677.78,0.0,1.0,43.0,677.96,0.0
2021-04-07 14:30:00,2.0,7.0,676.44,0.0,2.0,43.0,676.6,0.0
2021-04-07 14:35:00,2.0,1.0,675.54,0.0,2.0,43.0,675.68,0.0
2021-04-07 14:40:00,3.0,1.0,674.5,0.0,4.0,1.0,674.69,0.0
2021-04-07 14:45:00,1.0,43.0,675.46,0.0,2.0,60.0,675.64,0.0
2021-04-07 14:50:00,2.0,65.0,675.84,0.0,1.0,63.0,676.04,0.0
2021-04-07 14:55:00,1.0,1.0,674.04,0.0,1.0,43.0,674.23,0.0
2021-04-07 15:00:00,1.0,7.0,673.33,0.0,1.0,1.0,673.5,0.0
2021-04-07 15:05:00,2.0,43.0,675.3,0.0,1.0,1.0,675.58,0.0
2021-04-07 15:10:00,1.0,43.0,673.13,0.0,1.0,60.0,673.33,0.0
2021-04-07 15:15:00,1.0,68.0,671.31,0.0,1.0,64.0,671.46,0.0
2021-04-07 15:20:00,1.0,1.0,672.76,0.0,10.0,1.0,672.9,0.0
2021-04-07 15:25:00,1.0,60.0,672.01,0.0,1.0,1.0,672.12,0.0
2021-04-07 15:30:00,1.0,1.0,669.36,0.0,1.0,68.0,669.48,0.0
2021-04-07 15:35:00,1.0,43.0,668.8,0.0,1.0,65.0,668.98,0.0
2021-04-07 15:40:00,2.0,1.0,669.48,0.0,1.0,68.0,669.65,0.0
2021-04-07 15:45:00,2.0,43.0,670.03,0.0,1.0,63.0,670.31,0.0
2021-04-07 15:50:00,30.0,65.0,671.09,0.0,1.0,7.0,671.17,0.0
2021-04-07 15:55:00,1.0,63.0,670.28,0.0,1.0,7.0,670.53,0.0
2021-04-08 09:30:00,1.0,1.0,677.0,0.0,1.0,1.0,677.44,0.0
2021-04-08 09:35:00,6.0,65.0,674.9,0.0,1.0,7.0,675.26,0.0
2021-04-08 09:40:00,1.0,65.0,675.0,0.0,1.0,65.0,675.25,0.0
2021-04-08 09:45:00,1.0,65.0,674.76,0.0,1.0,65.0,675.13,0.0
2021-04-08 09:50:00,1.0,1.0,672.69,0.0,1.0,60.0,672.89,0.0
2021-04-08 09:55:00,1.0,64.0,675.85,0.0,1.0,68.0,675.97,0.0
2021-04-08 10:00:00,2.0,43.0,679.04,0.0,1.0,17.0,679.37,0.0
2021-04-08 10:05:00,2.0,60.0,681.34,0.0,1.0,65.0,681.57,0.0
2021-04-08 10:10:00,1.0,1.0,680.01,0.0,1.0,68.0,680.07,0.0
2021-04-08 10:15:00,1.0,1.0,679.45,0.0,1.0,68.0,679.59,0.0
2021-04-08 10:20:00,1.0,43.0,683.46,0.0,1.0,60.0,683.65,0.0
2021-04-08 10:25:00,1.0,1.0,685.79,0.0,1.0,43.0,686.01,0.0
2021-04-08 10:30:00,1.0,60.0,686.03,0.0,2.0,65.0,686.1,0.0
2021-04-08 10:35:00,2.0,1.0,688.38,0.0,1.0,68.0,688.53,0.0
2021-04-08 10:40:00,1.0,68.0,686.99,0.0,1.0,43.0,687.14,0.0
2021-04-08 10:45:00,1.0,1.0,687.15,0.0,1.0,64.0,687.31,0.0
2021-04-08 10:50:00,1.0,68.0,685.99,0.0,1.0,1.0,686.17,0.0
2021-04-08 10:55:00,1.0,3.0,684.86,0.0,1.0,60.0,685.03,0.0
2021-04-08 11:00:00,1.0,7.0,686.03,0.0,2.0,43.0,686.19,0.0
2021-04-08 11:05:00,1.0,65.0,684.05,0.0,1.0,43.0,684.29,0.0
2021-04-08 11:10:00,1.0,68.0,683.63,0.0,2.0,1.0,683.83,0.0
2021-04-08 11:15:00,1.0,3.0,683.85,0.0,1.0,1.0,684.19,0.0
2021-04-08 11:20:00,20.0,65.0,682.67,0.0,1.0,7.0,682.84,0.0
2021-04-08 11:25:00,7.0,1.0,685.0,0.0,1.0,1.0,685.13,0.0
2021-04-08 11:30:00,1.0,1.0,684.49,0.0,1.0,43.0,684.68,0.0
2021-04-08 11:35:00,2.0,1.0,684.91,0.0,1.0,43.0,685.08,0.0
2021-04-08 11:40:00,1.0,43.0,686.35,0.0,1.0,68.0,686.59,0.0
2021-04-08 11:45:00,2.0,43.0,686.71,0.0,2.0,1.0,686.92,0.0
2021-04-08 11:50:00,1.0,1.0,686.93,0.0,1.0,68.0,687.04,0.0
2021-04-08 11:55:00,2.0,1.0,685.91,0.0,1.0,65.0,686.17,0.0
2021-04-08 12:00:00,5.0,65.0,687.87,0.0,3.0,1.0,687.97,0.0
2021-04-08 12:05:00,1.0,1.0,686.21,0.0,2.0,43.0,686.4,0.0
2021-04-08 12:10:00,1.0,68.0,685.36,0.0,2.0,65.0,685.48,0.0
2021-04-08 12:15:00,1.0,43.0,685.64,0.0,1.0,60.0,685.9,0.0
2021-04-08 12:20:00,1.0,60.0,686.44,0.0,1.0,43.0,686.54,0.0
2021-04-08 12:25:00,1.0,65.0,687.56,0.0,1.0,65.0,687.82,0.0
2021-04-08 12:30:00,10.0,65.0,687.5,0.0,1.0,65.0,687.64,0.0
2021-04-08 12:35:00,1.0,7.0,686.81,0.0,5.0,65.0,687.0,0.0
2021-04-08 12:40:00,1.0,1.0,687.34,0.0,1.0,65.0,687.65,0.0
2021-04-08 12:45:00,1.0,68.0,684.83,0.0,3.0,1.0,685.0,0.0
2021-04-08 12:50:00,1.0,1.0,684.28,0.0,1.0,64.0,684.43,0.0
2021-04-08 12:55:00,1.0,7.0,683.53,0.0,1.0,43.0,683.75,0.0
2021-04-08 13:00:00,1.0,68.0,683.69,0.0,1.0,1.0,683.87,0.0
2021-04-08 13:05:00,2.0,1.0,685.18,0.0,1.0,7.0,685.25,0.0
2021-04-08 13:10:00,2.0,65.0,683.82,0.0,2.0,43.0,684.01,0.0
2021-04-08 13:15:00,1.0,1.0,683.55,0.0,1.0,64.0,683.66,0.0
2021-04-08 13:20:00,7.0,65.0,684.0,0.0,2.0,43.0,684.18,0.0
2021-04-08 13:25:00,1.0,73.0,682.6,0.0,1.0,43.0,682.7,0.0
2021-04-08 13:30:00,1.0,43.0,681.59,0.0,3.0,65.0,681.78,0.0
2021-04-08 13:35:00,1.0,43.0,681.5,0.0,1.0,43.0,681.81,0.0
2021-04-08 13:40:00,2.0,65.0,680.07,0.0,1.0,60.0,680.19,0.0
2021-04-08 13:45:00,1.0,65.0,679.31,0.0,2.0,43.0,679.47,0.0
2021-04-08 13:50:00,4.0,1.0,680.5,0.0,1.0,68.0,680.57,0.0
2021-04-08 13:55:00,1.0,43.0,681.56,0.0,1.0,65.0,681.76,0.0
2021-04-08 14:00:00,1.0,1.0,681.99,0.0,1.0,7.0,682.18,0.0
2021-04-08 14:05:00,1.0,60.0,683.16,0.0,1.0,43.0,683.29,0.0
2021-04-08 14:10:00,2.0,1.0,683.35,0.0,1.0,60.0,683.49,0.0
2021-04-08 14:15:00,2.0,1.0,683.06,0.0,1.0,73.0,683.24,0.0
2021-04-08 14:20:00,2.0,43.0,683.41,0.0,1.0,3.0,683.61,0.0
2021-04-08 14:25:00,1.0,43.0,682.96,0.0,1.0,43.0,683.11,0.0
2021-04-08 14:30:00,1.0,60.0,681.9,0.0,2.0,60.0,682.0,0.0
2021-04-08 14:35:00,1.0,68.0,684.18,0.0,1.0,7.0,684.31,0.0
2021-04-08 14:40:00,1.0,1.0,684.25,0.0,1.0,43.0,684.43,0.0
2021-04-08 14:45:00,1.0,63.0,684.26,0.0,1.0,64.0,684.38,0.0
2021-04-08 14:50:00,1.0,43.0,685.01,0.0,1.0,43.0,685.17,0.0
2021-04-08 14:55:00,2.0,1.0,684.13,0.0,1.0,1.0,684.23,0.0
2021-04-08 15:00:00,1.0,65.0,683.08,0.0,1.0,1.0,683.21,0.0
2021-04-08 15:05:00,1.0,7.0,683.01,0.0,2.0,60.0,683.23,0.0
2021-04-08 15:10:00,1.0,68.0,683.1,0.0,2.0,60.0,683.23,0.0
2021-04-08 15:15:00,1.0,4.0,681.57,0.0,1.0,7.0,681.7,0.0
2021-04-08 15:20:00,1.0,1.0,681.44,0.0,1.0,7.0,681.57,0.0
2021-04-08 15:25:00,1.0,7.0,680.87,0.0,1.0,7.0,680.97,0.0
2021-04-08 15:30:00,2.0,1.0,682.2,0.0,2.0,65.0,682.3,0.0
2021-04-08 15:35:00,1.0,64.0,682.73,0.0,1.0,60.0,682.86,0.0
2021-04-08 15:40:00,1.0,1.0,683.07,0.0,1.0,1.0,683.17,0.0
2021-04-08 15:45:00,1.0,1.0,683.07,0.0,1.0,1.0,683.2,0.0
2021-04-08 15:50:00,1.0,1.0,682.35,0.0,3.0,1.0,682.49,0.0
2021-04-08 15:55:00,1.0,7.0,684.01,0.0,1.0,60.0,684.2,0.0
2021-04-09 09:30:00,2.0,65.0,677.77,0.0,1.0,9.0,678.0,0.0
2021-04-09 09:35:00,3.0,1.0,674.5,0.0,1.0,1.0,674.73,0.0
2021-04-09 09:40:00,1.0,65.0,677.48,0.0,1.0,7.0,677.55,0.0
2021-04-09 09:45:00,2.0,43.0,677.6,0.0,1.0,65.0,677.99,0.0
2021-04-09 09:50:00,1.0,7.0,678.82,0.0,4.0,1.0,679.01,0.0
2021-04-09 09:55:00,1.0,68.0,677.6,0.0,1.0,7.0,677.76,0.0
2021-04-09 10:00:00,1.0,1.0,676.01,0.0,4.0,1.0,676.38,0.0
2021-04-09 10:05:00,1.0,4.0,675.29,0.0,1.0,7.0,675.47,0.0
2021-04-09 10:10:00,1.0,64.0,678.59,0.0,1.0,68.0,678.74,0.0
2021-04-09 10:15:00,1.0,65.0,678.45,0.0,1.0,1.0,678.63,0.0
2021-04-09 10:20:00,1.0,43.0,679.05,0.0,2.0,43.0,679.24,0.0
2021-04-09 10:25:00,1.0,1.0,677.9,0.0,1.0,64.0,678.07,0.0
2021-04-09 10:30:00,2.0,1.0,677.16,0.0,3.0,1.0,677.25,0.0
2021-04-09 10:35:00,1.0,68.0,676.07,0.0,1.0,43.0,676.21,0.0
2021-04-09 10:40:00,1.0,43.0,676.04,0.0,1.0,65.0,676.2,0.0
2021-04-09 10:45:00,5.0,1.0,674.3,0.0,1.0,68.0,674.48,0.0
2021-04-09 10:50:00,1.0,68.0,674.51,0.0,1.0,68.0,674.69,0.0
2021-04-09 10:55:00,1.0,65.0,674.79,0.0,1.0,3.0,674.92,0.0
2021-04-09 11:00:00,2.0,43.0,673.55,0.0,1.0,68.0,673.74,0.0
2021-04-09 11:05:00,1.0,43.0,671.91,0.0,1.0,43.0,672.11,0.0
2021-04-09 11:10:00,1.0,1.0,673.01,0.0,1.0,1.0,673.14,0.0
2021-04-09 11:15:00,1.0,1.0,673.81,0.0,1.0,1.0,673.88,0.0
2021-04-09 11:20:00,1.0,7.0,673.8,0.0,1.0,1.0,673.9,0.0
2021-04-09 11:25:00,2.0,7.0,673.64,0.0,5.0,1.0,673.8,0.0
2021-04-09 11:30:00,2.0,1.0,671.26,0.0,2.0,43.0,671.4,0.0
2021-04-09 11:35:00,1.0,60.0,671.41,0.0,1.0,1.0,671.55,0.0
2021-04-09 11:40:00,1.0,7.0,670.58,0.0,1.0,68.0,670.63,0.0
2021-04-09 11:45:00,2.0,43.0,671.73,0.0,1.0,1.0,671.83,0.0
2021-04-09 11:50:00,1.0,68.0,672.54,0.0,2.0,43.0,672.64,0.0
2021-04-09 11:55:00,1.0,65.0,673.22,0.0,1.0,64.0,673.29,0.0
2021-04-09 12:00:00,2.0,60.0,674.91,0.0,1.0,7.0,675.05,0.0
2021-04-09 12:05:00,1.0,7.0,674.62,0.0,1.0,3.0,674.73,0.0
2021-04-09 12:10:00,1.0,1.0,675.21,0.0,46.0,1.0,675.27,0.0
2021-04-09 12:15:00,1.0,73.0,673.08,0.0,1.0,68.0,673.24,0.0
2021-04-09 12:20:00,2.0,1.0,674.12,0.0,2.0,43.0,674.26,0.0
2021-04-09 12:25:00,2.0,60.0,676.96,0.0,1.0,7.0,677.07,0.0
2021-04-09 12:30:00,1.0,65.0,676.38,0.0,1.0,7.0,676.52,0.0
2021-04-09 12:35:00,1.0,1.0,676.66,0.0,1.0,1.0,676.84,0.0
2021-04-09 12:40:00,1.0,43.0,675.7,0.0,1.0,65.0,675.86,0.0
2021-04-09 12:45:00,1.0,65.0,675.05,0.0,1.0,65.0,675.14,0.0
2021-04-09 12:50:00,1.0,43.0,674.78,0.0,1.0,60.0,674.95,0.0
2021-04-09 12:55:00,1.0,43.0,675.44,0.0,1.0,1.0,675.56,0.0
2021-04-09 13:00:00,1.0,60.0,677.16,0.0,1.0,43.0,677.3,0.0
2021-04-09 13:05:00,2.0,1.0,677.05,0.0,1.0,65.0,677.17,0.0
2021-04-09 13:10:00,1.0,64.0,676.7,0.0,1.0,65.0,676.81,0.0
2021-04-09 13:15:00,1.0,43.0,676.24,0.0,1.0,65.0,676.46,0.0
2021-04-09 13:20:00,1.0,68.0,677.33,0.0,1.0,7.0,677.54,0.0
2021-04-09 13:25:00,1.0,7.0,677.93,0.0,1.0,65.0,678.09,0.0
2021-04-09 13:30:00,1.0,1.0,678.21,0.0,2.0,65.0,678.31,0.0
2021-04-09 13:35:00,1.0,7.0,677.94,0.0,1.0,17.0,678.12,0.0
2021-04-09 13:40:00,1.0,1.0,676.3,0.0,1.0,43.0,676.43,0.0
2021-04-09 13:45:00,1.0,68.0,676.03,0.0,1.0,65.0,676.13,0.0
2021-04-09 13:50:00,2.0,1.0,675.0,0.0,1.0,1.0,675.1,0.0
2021-04-09 13:55:00,1.0,1.0,674.92,0.0,1.0,1.0,674.99,0.0
2021-04-09 14:00:00,1.0,68.0,673.25,0.0,1.0,60.0,673.26,0.0
2021-04-09 14:05:00,1.0,68.0,672.75,0.0,1.0,43.0,672.94,0.0
2021-04-09 14:10:00,1.0,73.0,673.27,0.0,1.0,1.0,673.4,0.0
2021-04-09 14:15:00,1.0,43.0,673.46,0.0,1.0,1.0,673.58,0.0
2021-04-09 14:20:00,12.0,1.0,674.0,0.0,1.0,65.0,674.17,0.0
2021-04-09 14:25:00,1.0,60.0,672.09,0.0,2.0,43.0,672.23,0.0
2021-04-09 14:30:00,5.0,1.0,672.24,0.0,1.0,64.0,672.32,0.0
2021-04-09 14:35:00,2.0,3.0,673.27,0.0,1.0,7.0,673.33,0.0
2021-04-09 14:40:00,1.0,1.0,673.82,0.0,1.0,65.0,673.96,0.0
2021-04-09 14:45:00,2.0,1.0,673.93,0.0,1.0,1.0,674.04,0.0
2021-04-09 14:50:00,2.0,65.0,674.51,0.0,1.0,1.0,674.62,0.0
2021-04-09 14:55:00,1.0,60.0,674.33,0.0,1.0,60.0,674.44,0.0
2021-04-09 15:00:00,1.0,7.0,674.31,0.0,1.0,1.0,674.37,0.0
2021-04-09 15:05:00,1.0,7.0,672.64,0.0,2.0,43.0,672.76,0.0
2021-04-09 15:10:00,2.0,60.0,671.68,0.0,1.0,9.0,671.76,0.0
2021-04-09 15:15:00,1.0,1.0,672.8,0.0,1.0,3.0,672.89,0.0
2021-04-09 15:20:00,1.0,64.0,672.68,0.0,1.0,60.0,672.85,0.0
2021-04-09 15:25:00,2.0,1.0,674.05,0.0,1.0,65.0,674.14,0.0
2021-04-09 15:30:00,1.0,73.0,674.28,0.0,1.0,65.0,674.46,0.0
2021-04-09 15:35:00,1.0,7.0,675.89,0.0,1.0,60.0,675.94,0.0
2021-04-09 15:40:00,1.0,7.0,675.05,0.0,1.0,7.0,675.15,0.0
2021-04-09 15:45:00,1.0,64.0,674.94,0.0,1.0,17.0,675.07,0.0
2021-04-09 15:50:00,5.0,65.0,675.93,0.0,2.0,60.0,676.03,0.0
2021-04-09 15:55:00,2.0,60.0,676.07,0.0,2.0,7.0,676.29,0.0
,,,,,,,,
